from_coach_id,coach,community,last_team,last_year,avg_oe_future_value,median_oe_future_value,total_oe_future_value,total_reports,years_active,total_value_by_year
2,John Pease,2,New Orleans Saints,2005,0.16923076923076924,0,2.2,13,6,0.3666666666666667
3,Steve Sidwell,3,Seattle Seahawks,2002,0.32333333333333336,0.4,19.4,60,17,1.1411764705882352
4,Paul Boudreau,2,Los Angeles Rams,2016,0.1888888888888889,0.2,3.4000000000000004,18,15,0.22666666666666668
6,Jim Skipper,4,Carolina Panthers,2018,0.4947368421052632,0.6000000000000001,9.4,19,15,0.6266666666666667
7,Carl Smith,5,Houston Texans,2019,0.22903225806451616,0,14.200000000000001,62,22,0.6454545454545455
8,Jim Mora,3,Seattle Seahawks,2009,0.1978021978021978,0,18,91,14,1.2857142857142858
9,Dom Capers,6,Green Bay Packers,2017,0.17883597883597885,0,33.800000000000004,189,24,1.4083333333333334
11,Jack Del Rio,4,Washington Commanders,2022,0.12946859903381644,0,26.8,207,22,1.2181818181818183
12,Walt Corey,7,New Orleans Saints,1999,0.2,0.2,7.000000000000001,35,15,0.46666666666666673
13,Zaven Yaralian,7,New Orleans Saints,1999,0.2153846153846154,0,2.8000000000000003,13,3,0.9333333333333335
19,Tom Clements,6,Green Bay Packers,2024,0.21935483870967742,0.2,13.600000000000001,62,21,0.6476190476190476
20,Danny Abramowicz,7,New Orleans Saints,1999,0.11578947368421054,0,2.2,19,3,0.7333333333333334
21,Rick Venturi,7,Los Angeles Rams,2007,0.09787234042553193,0,4.6000000000000005,47,17,0.2705882352941177
22,Vic Fangio,9,Philadelphia Eagles,2025,0.19766081871345031,0,33.800000000000004,171,27,1.251851851851852
23,Bum Phillips,7,New Orleans Saints,1985,0.10196078431372549,0,5.2,51,6,0.8666666666666667
24,Jack Henry,7,New Orleans Saints,2005,0.15294117647058825,0,2.6,17,10,0.26
28,Greg Brown,7,New Orleans Saints,2004,0.2,0.2,2.2,11,9,0.24444444444444446
29,Joe Baker,6,Dallas Cowboys,2017,0.19090909090909094,0.1,4.2,22,14,0.3
30,Winston Moss,6,Green Bay Packers,2017,0.12380952380952383,0,2.6,21,16,0.1625
32,Bob Palcic,7,New Orleans Saints,2005,0.22,0.1,2.2,10,9,0.24444444444444446
34,Jimmy Robinson,6,Dallas Cowboys,2012,0.07692307692307691,0,1,13,13,0.07692307692307693
35,Dave Atkins,7,Cleveland Browns,2006,0.14117647058823532,0,2.4000000000000004,17,11,0.21818181818181823
36,Mike Sheppard,7,Jacksonville Jaguars,2011,0.06470588235294118,0,2.2,34,16,0.1375
37,Mike McCarthy,6,Dallas Cowboys,2024,0.14985250737463127,0,50.800000000000004,339,28,1.8142857142857145
38,Jim Haslett,7,Tennessee Titans,2021,0.1300699300699301,0,18.6,143,24,0.775
39,Mike Ditka,7,New Orleans Saints,1999,0.12210526315789473,0,11.6,95,11,1.0545454545454545
40,Nick Nicolau,7,Indianapolis Colts,1994,0.0625,0,1,16,5,0.2
41,Jim L. Mora,9,Seattle Seahawks,2007,0.2,0,23.400000000000002,117,12,1.9500000000000002
46,Ed Hughes,7,Pittsburgh Steelers,1988,0.1090909090909091,0,1.2000000000000002,11,5,0.24000000000000005
47,Dick Nolan,7,Tennessee Titans,1981,0.044444444444444446,0,0.4,10,2,0.2
51,Wade Phillips,7,Los Angeles Rams,2019,0.1569060773480663,0,28.400000000000002,181,31,0.9161290322580646
54,Larry Kennan,7,New England Patriots,1997,0.24615384615384617,0.3,6.4,26,7,0.9142857142857144
56,Wayne Nunnely,7,Denver Broncos,2011,0.24285714285714288,0,3.4000000000000004,14,12,0.2833333333333334
57,Monte Kiffin,11,Dallas Cowboys,2013,0.48169014084507045,0.6,34.2,71,18,1.9000000000000001
58,John Matsko,4,Washington Commanders,2022,0.18461538461538463,0,9.600000000000001,52,20,0.4800000000000001
60,Tom Moore,9,Indianapolis Colts,2009,0.125,0,10,80,19,0.5263157894736842
62,Ron Zook,6,New Orleans Saints,2001,0.1,0,1,10,3,0.3333333333333333
63,Jim Hostler,12,Washington Commanders,2020,0.2756756756756757,0.2,10.200000000000001,37,17,0.6000000000000001
65,Frank Cignetti Jr.,2,New York Giants,2017,0.20000000000000004,0,2.2,11,8,0.275
66,John Pagano,9,Denver Broncos,2021,0.24000000000000002,0.2,8.4,35,8,1.05
67,Willie Shaw,7,Minnesota Vikings,2002,0.12380952380952381,0,2.6,21,9,0.2888888888888889
71,King Hill,7,New Orleans Saints,1985,0,0,0,16,5,0
72,Rod Rust,7,San Francisco 49ers,1999,0.14285714285714288,0,6,42,12,0.5
74,Don Blackmon,7,Kansas City Chiefs,2006,0.08,0,0.8,10,7,0.1142857142857143
75,Dale Lindsey,7,Washington Commanders,2005,0.1888888888888889,0.1,3.4000000000000004,18,12,0.2833333333333334
76,Charlie Sumner,7,New England Patriots,1990,0.08333333333333334,0,1,12,4,0.25
77,Rod Humenuik,7,New England Patriots,1988,0.12,0,1.2,10,5,0.24
80,Jimmy Raye,7,San Francisco 49ers,2010,0.25,0.2,15.000000000000002,60,17,0.8823529411764707
84,Carl Mauck,7,Detroit Lions,2003,0.16666666666666669,0.1,2,12,11,0.18181818181818182
88,Romeo Crennel,10,Houston Texans,2019,0.160431654676259,0,22.3,139,19,1.1736842105263159
89,Al Groh,10,New York Jets,2000,0.2818181818181818,0.2,6.2,22,6,1.0333333333333334
90,Maurice Carthon,10,Arizona Cardinals,2007,0.12631578947368421,0,2.4000000000000004,19,4,0.6000000000000001
92,Mike Pope,2,Dallas Cowboys,2016,0.22608695652173916,0.2,5.2,23,18,0.2888888888888889
93,Chris Palmer,2,Tennessee Titans,2012,0.19324324324324327,0,14.3,74,16,0.89375
94,Charlie Weis,10,Kansas City Chiefs,2010,0.26666666666666666,0.2,8,30,9,0.8888888888888888
95,Ray Perkins,10,Cleveland Browns,2000,0.20857142857142857,0,14.6,70,12,1.2166666666666666
96,Bill Parcells,10,Dallas Cowboys,2006,0.2224,0.19999999999999996,27.8,125,15,1.8533333333333333
99,Ray Hamilton,13,Atlanta Falcons,2013,0.30000000000000004,0.2,5.4,18,18,0.30000000000000004
103,Raymond Berry,7,New England Patriots,1989,0.0711864406779661,0,4.2,59,6,0.7000000000000001
104,Jeff Davidson,10,Detroit Lions,2019,0.20555555555555557,0,7.4,36,13,0.5692307692307692
105,Bruce Arians,9,Tampa Bay Buccaneers,2021,0.149,0,29.8,200,21,1.4190476190476191
106,Les Steckel,7,Tampa Bay Buccaneers,2000,0.19428571428571428,0,6.8,35,9,0.7555555555555555
109,Tony Oden,15,Tennessee Titans,2025,0.14545454545454548,0,3.2,22,13,0.24615384615384617
110,Dennis Allen,14,Chicago Bears,2025,0.12738853503184713,0,20,157,19,1.0526315789473684
111,Travis Jones,5,Atlanta Falcons,2019,0.30000000000000004,0.2,4.800000000000001,16,14,0.3428571428571429
112,Bill Johnson,14,Los Angeles Rams,2018,0.23333333333333334,0.2,5.6000000000000005,24,18,0.3111111111111111
113,Gregg Williams,14,Los Angeles Rams,2025,0.10364963503649635,0,14.200000000000001,137,25,0.5680000000000001
114,Frank Smith,14,Miami Dolphins,2025,0.10697674418604652,0,4.6000000000000005,43,11,0.4181818181818182
115,Aaron Kromer,11,Buffalo Bills,2025,0.3050847457627119,0.2,18,59,22,0.8181818181818182
116,Terry Malone,14,New Orleans Saints,2013,0.4800000000000001,0.6000000000000001,4.800000000000001,10,8,0.6000000000000001
117,Curtis Johnson,14,Chicago Bears,2016,0.44000000000000006,0.6000000000000001,4.4,10,7,0.6285714285714287
119,Joe Lombardi,14,Denver Broncos,2025,0.1650793650793651,0,10.4,63,17,0.611764705882353
120,"Pete Carmichael, Jr.",14,New Orleans Saints,2014,0.2102564102564103,0,8.200000000000001,39,7,1.1714285714285715
121,Dan Reeves,7,Atlanta Falcons,2003,0.17345132743362832,0,39.2,226,23,1.7043478260869567
123,Mike Nolan,14,Dallas Cowboys,2020,0.23026315789473686,0.2,35,152,29,1.206896551724138
124,Pete Mangurian,7,Tampa Bay Buccaneers,2009,0.2,0,2.2,11,6,0.3666666666666667
125,James Daniel,13,Pittsburgh Steelers,2017,0.27272727272727276,0.2,6.000000000000001,22,22,0.27272727272727276
126,Dick Rehbein,7,New York Giants,1998,0.09090909090909091,0,1,11,6,0.16666666666666666
127,George Sefcik,7,Atlanta Falcons,2001,0.043243243243243246,0,1.6,37,9,0.17777777777777778
129,George Henshaw,7,Tennessee Titans,1998,0.16666666666666669,0,4,24,7,0.5714285714285714
130,Joe Vitt,14,New Orleans Saints,2016,0.14814814814814817,0,4,27,21,0.19047619047619047
131,Sean Payton,14,Denver Broncos,2025,0.14985074626865671,0,50.2,335,24,2.091666666666667
135,Lamar Leachman,10,Detroit Lions,1994,0.19999999999999998,0.2,2,10,9,0.2222222222222222
136,Bill Belichick,10,New England Patriots,2023,0.2139275766016713,0.19999999999999996,76.8,359,35,2.1942857142857144
138,Ron Erhardt,10,New York Jets,1996,0.12380952380952381,0,7.8,63,15,0.52
139,Tom Bresnahan,7,Buffalo Bills,1996,0.06363636363636364,0,1.4000000000000001,22,7,0.2
145,Joe Walton,7,Pittsburgh Steelers,1991,0.11052631578947368,0,4.2,38,7,0.6
148,Jim Vechiarella,7,Los Angeles Chargers,2001,0.24347826086956526,0,5.6000000000000005,23,15,0.37333333333333335
149,Bud Carson,7,Philadelphia Eagles,1994,0.2042553191489362,0,9.600000000000001,47,13,0.7384615384615386
152,Zeke Bratkowski,7,New York Jets,1995,0.13043478260869565,0,3,23,6,0.5
153,Bruce Coslet,16,Dallas Cowboys,2002,0.16428571428571428,0,18.400000000000002,112,16,1.1500000000000001
155,Rod Dowhower,17,Philadelphia Eagles,2001,0.3020408163265306,0.4,14.8,49,13,1.1384615384615384
156,Jim Fassel,7,Baltimore Ravens,2005,0.11147540983606558,0,6.8,61,9,0.7555555555555555
158,Ed Donatell,15,Minnesota Vikings,2022,0.1706666666666667,0,12.8,75,25,0.512
159,Foge Fazio,3,Cleveland Browns,2002,0.21379310344827587,0,6.2,29,11,0.5636363636363636
160,Greg Robinson,15,Kansas City Chiefs,2003,0.19555555555555557,0,8.8,45,14,0.6285714285714287
161,Pete Carroll,5,Las Vegas Raiders,2025,0.1707165109034268,0,54.800000000000004,321,25,2.192
162,Paul Alexander,16,Cincinnati Bengals,2017,0.24000000000000002,0.2,4.800000000000001,20,15,0.32000000000000006
163,Larry Beightol,5,Green Bay Packers,2005,0.30000000000000004,0.2,6.6000000000000005,22,16,0.41250000000000003
165,Rich Kotite,7,New York Jets,1996,0.14705882352941177,0,10,68,11,0.9090909090909091
167,Johnnie Lynn,7,Denver Broncos,2017,0.20000000000000004,0,3.6000000000000005,18,12,0.30000000000000004
170,John Fox,14,Chicago Bears,2017,0.1698744769874477,0,40.6,239,20,2.0300000000000002
173,Bob Wylie,16,Cleveland Browns,2018,0.27142857142857146,0.2,3.8000000000000003,14,11,0.34545454545454546
174,Kippy Brown,5,Seattle Seahawks,2014,0.23750000000000002,0.1,7.6000000000000005,32,13,0.5846153846153846
176,Willy Robinson,3,Los Angeles Rams,2006,0.12000000000000001,0,1.2000000000000002,10,7,0.17142857142857146
178,Turk Schonert,7,Buffalo Bills,2008,0.26153846153846155,0.2,3.4000000000000004,13,8,0.42500000000000004
179,Doug Marrone,14,New England Patriots,2025,0.10526315789473685,0,14.000000000000002,133,17,0.823529411764706
183,Marion Hobby,16,Cincinnati Bengals,2024,0.17333333333333337,0,2.6000000000000005,15,7,0.3714285714285715
184,Gary Gibbs,17,Kansas City Chiefs,2017,0.22758620689655173,0,6.6000000000000005,29,10,0.66
187,Mike Riley,7,New Orleans Saints,2002,0.031578947368421054,0,1.2,38,4,0.3
189,Tom Coughlin,2,New York Giants,2015,0.1087136929460581,0,26.2,246,18,1.4555555555555555
192,John Morton,14,Detroit Lions,2025,0.15384615384615385,0,6.000000000000001,39,11,0.5454545454545455
198,Don Coryell,7,Los Angeles Chargers,1985,0.17142857142857143,0,3.6,21,4,0.9
199,Ralph Friedgen,7,Los Angeles Chargers,1996,0.23333333333333334,0.39999999999999997,5.6000000000000005,24,5,1.12
205,Lew Erber,7,New England Patriots,1984,0.1090909090909091,0,1.2000000000000002,11,5,0.24000000000000005
207,Tom Flores,7,Seattle Seahawks,1994,0.12692307692307692,0,13.200000000000001,104,11,1.2000000000000002
208,Bobby Ross,7,Detroit Lions,2000,0.16991150442477876,0,19.2,113,9,2.1333333333333333
210,Jerry Sullivan,7,Jacksonville Jaguars,2016,0.3393939393939394,0.39999999999999997,11.200000000000001,33,20,0.56
211,Sylvester Croom,7,Tennessee Titans,2016,0.2651162790697674,0.2,11.4,43,18,0.6333333333333333
212,Jack Reilly,7,Dallas Cowboys,2001,0.2,0.09999999999999998,4.4,22,6,0.7333333333333334
215,Dave Adolph,7,Kansas City Chiefs,1999,0.18620689655172415,0,5.4,29,11,0.49090909090909096
217,Frank Falks,7,Detroit Lions,2000,0.24,0.39999999999999997,2.4,10,7,0.34285714285714286
218,Fred Biletnikoff,7,Las Vegas Raiders,2005,0.15384615384615385,0,2,13,13,0.15384615384615385
221,Art Shell,7,Atlanta Falcons,2000,0.23636363636363636,0,13,55,11,1.1818181818181819
225,Kim Helton,7,Washington Commanders,2002,0.14,0,1.4000000000000001,10,5,0.28
226,Terry Robiskie,13,Jacksonville Jaguars,2020,0.1793103448275862,0,10.4,58,23,0.45217391304347826
227,Mike White,7,Las Vegas Raiders,1995,0.08,0,1.2,15,5,0.24
229,Gunther Cunningham,7,Detroit Lions,2013,0.17752808988764046,0,15.8,89,20,0.79
230,Doug Graber,7,Tampa Bay Buccaneers,1988,0.2,0,2,10,4,0.5
232,Richard Williamson,14,Carolina Panthers,2009,0.3411764705882353,0.4,11.600000000000001,34,20,0.5800000000000001
235,John Mackovic,7,Kansas City Chiefs,1986,0.27179487179487183,0.4,10.600000000000001,39,4,2.6500000000000004
236,Bill Arnsparger,7,Los Angeles Chargers,1994,0.3333333333333333,0.4,4,12,4,1
239,Rod Perry,7,Carolina Panthers,2006,0.11764705882352942,0,2,17,14,0.14285714285714285
240,Joe Pascale,7,Los Angeles Chargers,2001,0.07407407407407408,0,2,27,8,0.25
245,Ollie Wilson,7,Los Angeles Chargers,2016,0.2285714285714286,0,4.800000000000001,21,18,0.2666666666666667
246,Kevin Gilbride,2,Carolina Panthers,2022,0.08392857142857144,0,9.4,116,25,0.376
247,Al Saunders,7,Las Vegas Raiders,2011,0.22816901408450707,0.2,16.200000000000003,71,17,0.9529411764705884
248,Jerry Rhome,7,Atlanta Falcons,2000,0.2,0,5.800000000000001,29,9,0.6444444444444445
249,Bobby Jackson,7,Miami Dolphins,2007,0.20952380952380956,0,4.4,21,8,0.55
250,Charlie Joiner,7,Los Angeles Chargers,2012,0.2923076923076923,0.2,7.6000000000000005,26,20,0.38
251,Joe Bugel,7,Washington Commanders,2009,0.19344262295081968,0,11.8,61,14,0.8428571428571429
252,June Jones,7,Los Angeles Chargers,1998,0.021052631578947364,0,0.3999999999999999,19,3,0.1333333333333333
253,Mike Haluchak,7,Las Vegas Raiders,2010,0.2,0,3.2,16,12,0.26666666666666666
254,Ron Lynn,7,Las Vegas Raiders,2003,0.215,0,8.6,40,17,0.5058823529411764
256,Dave Levy,7,Detroit Lions,1991,0.09090909090909091,0,1,11,3,0.3333333333333333
261,Ted Tollner,7,Las Vegas Raiders,2010,0.27692307692307694,0.2,7.200000000000001,26,8,0.9000000000000001
263,Dan Henning,7,Miami Dolphins,2010,0.15,0,19.2,128,19,1.0105263157894737
264,Jack Pardee,2,Tennessee Titans,1994,0.1814814814814815,0,9.8,54,6,1.6333333333333335
265,Ernie Zampese,3,New England Patriots,1999,0.31764705882352945,0.4,16.2,51,11,1.4727272727272727
266,Joe Gibbs,7,Washington Commanders,2006,0.16,0,12,75,9,1.3333333333333333
269,Alex Gibbs,15,Atlanta Falcons,2004,0.4,0.4,5.6000000000000005,14,14,0.4
270,Steve Shafer,3,Baltimore Ravens,2001,0.32,0.2,3.2,10,9,0.35555555555555557
272,Paul Hackett,7,Las Vegas Raiders,2010,0.33898305084745767,0.4,20,59,13,1.5384615384615385
273,Marty Schottenheimer,7,Los Angeles Chargers,2005,0.22764976958525346,0.19999999999999996,49.4,217,24,2.058333333333333
275,Kurt Schottenheimer,7,Green Bay Packers,2008,0.1878787878787879,0,6.2,33,12,0.5166666666666667
277,Bob Karmelowicz,7,Detroit Lions,2009,0.14545454545454548,0,1.6,11,10,0.16
278,Brian Schottenheimer,5,Dallas Cowboys,2025,0.16417910447761194,0,22,134,22,1
279,Mike Solari,7,Dallas Cowboys,2024,0.275,0.2,11.000000000000002,41,25,0.44000000000000006
281,Jimmy Raye III,7,Washington Commanders,2001,0.34,0.4,3.4,10,2,1.7
282,Carl Hairston,7,Green Bay Packers,2008,0.12000000000000001,0,1.2000000000000002,10,8,0.15000000000000002
285,Keith Rowen,7,Atlanta Falcons,2007,0.17692307692307693,0.1,4.6000000000000005,26,12,0.38333333333333336
286,James Saxon,13,Arizona Cardinals,2021,0.2666666666666667,0.2,7.200000000000001,27,18,0.4000000000000001
287,Terry Shea,7,Miami Dolphins,2007,0.2545454545454546,0.2,2.8000000000000003,12,6,0.46666666666666673
288,Dick Vermeil,7,Kansas City Chiefs,2005,0.1320754716981132,0,14,106,9,1.5555555555555556
289,Herman Edwards,7,Kansas City Chiefs,2008,0.15576923076923077,0,16.2,105,16,1.0125
290,Peter Giunta,14,New York Giants,2014,0.24347826086956526,0,5.6000000000000005,23,18,0.3111111111111111
292,Richard Mann,13,Pittsburgh Steelers,2017,0.3866666666666667,0.2,11.600000000000001,30,23,0.5043478260869566
294,Bob Sanders,9,Tampa Bay Buccaneers,2022,0.12307692307692308,0,3.2,26,14,0.2285714285714286
295,Floyd Peters,7,Las Vegas Raiders,1995,0.16774193548387098,0,5.2,31,10,0.52
297,Bishop Harris,7,San Francisco 49ers,2007,0.31578947368421056,0.2,6.000000000000001,19,11,0.5454545454545455
298,Fred Pagac,1,Denver Broncos,2017,0.1181818181818182,0.2,2.6,22,16,0.1625
299,Mel Phillips,8,Miami Dolphins,2007,0.2,0.2,3,15,15,0.2
300,George Hill,8,Miami Dolphins,1997,0.18333333333333335,0.2,4.4,24,12,0.3666666666666667
305,Jim Hanifan,3,Los Angeles Rams,2001,0.12653061224489795,0,6.2,49,9,0.6888888888888889
307,Wilbert Montgomery,12,Cleveland Browns,2015,0.24761904761904763,0.2,5.2,21,12,0.43333333333333335
308,Mike Martz,7,Chicago Bears,2011,0.16271186440677968,0,9.600000000000001,59,10,0.9600000000000002
309,Mike Shula,4,Denver Broncos,2021,0.15949367088607597,0,12.600000000000001,79,20,0.6300000000000001
311,Don Shula,8,Miami Dolphins,1994,0.08813559322033898,0,10.4,118,15,0.6933333333333334
315,Gary Stevens,8,Atlanta Falcons,2001,0.10000000000000002,0,1.2000000000000002,12,6,0.20000000000000004
324,Chuck Studley,8,Miami Dolphins,1988,0.24210526315789474,0.2,4.6,19,7,0.6571428571428571
330,Marc Trestman,12,Baltimore Ravens,2016,0.17906976744186048,0,15.4,86,15,1.0266666666666666
331,Jerry Burns,7,Minnesota Vikings,1991,0.15593220338983052,0,9.2,59,8,1.15
339,Ray Malavasi,7,Los Angeles Rams,1982,0.15454545454545454,0.09999999999999998,3.4,22,3,1.1333333333333333
341,Rich Brooks,7,Atlanta Falcons,2000,0.1388888888888889,0,5,36,6,0.8333333333333334
342,Brian Baker,7,Indianapolis Colts,2021,0.2,0.2,5.6000000000000005,28,18,0.3111111111111111
344,George Warhop,12,Baltimore Ravens,2025,0.16111111111111112,0,5.800000000000001,36,17,0.34117647058823536
346,Ron Meeks,16,Los Angeles Chargers,2012,0.17647058823529413,0.2,6,34,14,0.42857142857142855
347,Bill Kollar,15,Denver Broncos,2021,0.12592592592592594,0.2,3.4000000000000004,27,20,0.17
348,Lovie Smith,4,Houston Texans,2022,0.13898305084745763,0,24.6,177,18,1.3666666666666667
350,Ken Zampese,16,Washington Commanders,2022,0.1,0,3.4000000000000004,34,15,0.22666666666666668
352,Chuck Knox,15,Los Angeles Rams,1994,0.17185185185185187,0,23.2,135,15,1.5466666666666666
356,John Mitchell,13,Pittsburgh Steelers,2016,0.15555555555555556,0.2,2.8000000000000003,18,18,0.15555555555555556
357,Tim Lewis,13,San Francisco 49ers,2015,0.12413793103448277,0,3.6000000000000005,29,14,0.2571428571428572
358,Mike Miller,13,Arizona Cardinals,2012,0.20952380952380953,0.2,4.4,21,5,0.8800000000000001
359,Russ Grimm,13,Tennessee Titans,2016,0.23225806451612904,0.2,7.2,31,15,0.48000000000000004
360,Ken Whisenhunt,13,Los Angeles Chargers,2018,0.16740740740740742,0,22.6,136,18,1.2555555555555555
363,David Culley,17,Houston Texans,2021,0.17358490566037738,0.2,9.200000000000001,53,18,0.5111111111111112
364,Chan Gailey,9,Miami Dolphins,2020,0.13877551020408163,0,13.600000000000001,98,13,1.0461538461538462
365,Bill Cowher,13,Pittsburgh Steelers,2006,0.1726775956284153,0,31.599999999999998,183,20,1.5799999999999998
366,Mike Mularkey,13,Atlanta Falcons,2019,0.1421875,0,18.2,129,15,1.2133333333333334
367,Darren Perry,6,Green Bay Packers,2017,0.16923076923076924,0.2,2.2,13,13,0.16923076923076924
368,Keith Butler,13,Pittsburgh Steelers,2021,0.11666666666666668,0,5.6000000000000005,48,22,0.2545454545454546
370,Dick LeBeau,13,Tennessee Titans,2017,0.15042735042735045,0,17.6,117,27,0.6518518518518519
371,Ray Rhodes,3,Houston Texans,2008,0.21132075471698114,0.19999999999999996,22.400000000000002,106,24,0.9333333333333335
373,Bill McPherson,3,San Francisco 49ers,1993,0.18518518518518517,0,5,27,11,0.45454545454545453
374,George Seifert,3,Carolina Panthers,2001,0.1919463087248322,0,28.6,149,17,1.6823529411764706
377,Sherman Lewis,3,Detroit Lions,2004,0.28695652173913044,0.4,19.8,69,13,1.5230769230769232
378,Bill Walsh,3,Philadelphia Eagles,1989,0.2738095238095238,0.19999999999999996,23,84,10,2.3
381,Billie Matthews,7,Detroit Lions,1993,0.2,0.2,2.2,11,5,0.44000000000000006
382,Sam Wyche,16,Tampa Bay Buccaneers,1995,0.12345679012345678,0,10,81,10,1
384,Woody Widenhofer,7,Cleveland Browns,1994,0.184,0,4.6000000000000005,25,10,0.4600000000000001
386,Chuck Noll,7,Pittsburgh Steelers,1991,0.10337078651685393,0,9.2,89,12,0.7666666666666666
388,Tony Dungy,9,Indianapolis Colts,2008,0.21159420289855072,0,29.2,138,18,1.6222222222222222
390,Bob Bratkowski,16,Tennessee Titans,2016,0.1372093023255814,0,11.8,86,16,0.7375
393,Kirby Wilson,13,Las Vegas Raiders,2020,0.29444444444444445,0.2,10.600000000000001,36,19,0.5578947368421053
394,Ray Horton,13,Washington Commanders,2019,0.12558139534883722,0.2,5.4,43,20,0.27
395,Harold Goodwin,9,Carolina Panthers,2025,0.09662921348314607,0,8.6,89,15,0.5733333333333334
396,Larry Zierlein,9,Arizona Cardinals,2017,0.3454545454545455,0.2,3.8000000000000003,11,9,0.4222222222222223
397,Randy Fichtner,13,Pittsburgh Steelers,2020,0.1642857142857143,0,4.6000000000000005,28,14,0.3285714285714286
398,Ken Anderson,16,Pittsburgh Steelers,2009,0.2166666666666667,0,5.200000000000001,24,12,0.4333333333333334
399,Mike Tomlin,13,Pittsburgh Steelers,2025,0.09387755102040816,0,27.6,295,25,1.104
404,Jeff Fisher,2,Los Angeles Rams,2016,0.1423728813559322,0,33.6,236,23,1.4608695652173913
406,John Marshall,3,Las Vegas Raiders,2010,0.08709677419354839,0,5.4,62,22,0.24545454545454548
407,Ray Sherman,2,Los Angeles Rams,2015,0.19310344827586207,0,5.6000000000000005,29,14,0.4
409,Mike Shanahan,15,Washington Commanders,2013,0.16573426573426575,0,47.4,286,27,1.7555555555555555
410,Larry Kirksey,15,Houston Texans,2013,0.35294117647058826,0.2,6.000000000000001,17,14,0.42857142857142866
411,Matt Cavanaugh,12,Washington Commanders,2018,0.18867924528301888,0,10,53,17,0.5882352941176471
412,Greg Knapp,3,Atlanta Falcons,2020,0.210989010989011,0.19999999999999996,19.200000000000003,91,21,0.9142857142857144
413,Dwaine Board,3,Seattle Seahawks,2017,0.2,0.2,5.4,27,18,0.30000000000000004
415,Richard Smith,18,Chicago Bears,2025,0.21066666666666667,0.2,15.8,75,29,0.5448275862068965
419,Tom Rathman,3,Indianapolis Colts,2020,0.3384615384615385,0.2,8.8,26,20,0.44000000000000006
420,Marty Mornhinweg,17,Baltimore Ravens,2018,0.18823529411764706,0,25.6,136,20,1.28
421,Steve Mariucci,3,Detroit Lions,2005,0.16,0,20.8,130,11,1.8909090909090909
424,Dennis Green,3,Arizona Cardinals,2006,0.1406451612903226,0,21.8,155,13,1.676923076923077
425,Mike Holmgren,3,Seattle Seahawks,2008,0.16265560165975104,0,39.2,241,21,1.8666666666666667
429,Bill Muir,11,Kansas City Chiefs,2011,0.2517241379310345,0,14.600000000000001,58,15,0.9733333333333334
434,Buddy Ryan,7,Arizona Cardinals,1995,0.1619047619047619,0,10.2,63,10,1.02
436,Dick Coury,3,Tennessee Titans,1994,0.07272727272727274,0,0.8,11,3,0.26666666666666666
439,Tommy Brasher,17,Kansas City Chiefs,2013,0.1904761904761905,0,4,21,19,0.21052631578947367
440,Marion Campbell,7,Atlanta Falcons,1989,0.18571428571428572,0,10.4,56,10,1.04
441,Frank Gansz,2,Kansas City Chiefs,1988,0.06666666666666667,0,1.2,18,2,0.6
442,Ted Marchibroda,7,Baltimore Ravens,1998,0.162,0,16.2,100,14,1.157142857142857
443,John Becker,15,Seattle Seahawks,1991,0.15,0,3,20,5,0.6
446,Hal Hunter,9,Houston Texans,2022,0.0782608695652174,0,1.8,23,12,0.15
447,Tom Bettis,3,Cleveland Browns,1985,0.07272727272727272,0,0.7999999999999999,11,6,0.13333333333333333
454,Todd Bowles,9,Tampa Bay Buccaneers,2025,0.0956989247311828,0,17.8,186,19,0.9368421052631579
457,Bob Sutton,17,Kansas City Chiefs,2018,0.1639344262295082,0,10,61,16,0.625
460,Todd Haley,13,Cleveland Browns,2018,0.14782608695652175,0,13.600000000000001,93,15,0.9066666666666667
462,Larry Coyer,15,Indianapolis Colts,2010,0.16,0,4.800000000000001,30,10,0.4800000000000001
464,Don Breaux,7,Washington Commanders,2006,0.2785714285714286,0,7.800000000000001,28,12,0.65
466,Marvin Lewis,16,Cincinnati Bengals,2018,0.14201680672268907,0,33.800000000000004,238,22,1.5363636363636366
469,Howard Mudd,9,Philadelphia Eagles,2012,0.4363636363636364,0.2,4.800000000000001,11,9,0.5333333333333334
471,Joe Pendry,7,Houston Texans,2005,0.1903225806451613,0,11.8,62,13,0.9076923076923078
472,Lindy Infante,7,Indianapolis Colts,1997,0.128,0,9.6,75,11,0.8727272727272727
473,Paul Guenther,16,Dallas Cowboys,2024,0.1142857142857143,0,4.800000000000001,42,9,0.5333333333333334
476,Kevin Coyle,16,Cincinnati Bengals,2016,0.20833333333333334,0.2,5,24,7,0.7142857142857143
479,Chuck Bresnahan,16,Las Vegas Raiders,2011,0.05853658536585366,0,2.4000000000000004,41,13,0.18461538461538465
481,Jonathan Hayes,16,Cincinnati Bengals,2018,0.1647058823529412,0,2.8000000000000003,17,11,0.2545454545454546
482,Jim Anderson,16,Cincinnati Bengals,2012,0.30909090909090914,0.2,3.4000000000000004,11,10,0.34
484,Jim Shofner,7,Buffalo Bills,1996,0.16428571428571428,0.1,4.6000000000000005,28,12,0.38333333333333336
485,Sam Rutigliano,7,Cleveland Browns,1984,0.20512820512820512,0.19999999999999996,8,39,5,1.6
486,Hue Jackson,16,Cleveland Browns,2018,0.05544554455445545,0,5.6000000000000005,101,13,0.4307692307692308
487,Tim Krumrie,16,Kansas City Chiefs,2009,0.13333333333333333,0.2,1.6,12,10,0.16
488,Mark Duffner,16,Tampa Bay Buccaneers,2018,0.192,0.2,4.800000000000001,25,17,0.28235294117647064
489,John Garrett,16,Tampa Bay Buccaneers,2013,0.24,0.3,2.4,10,5,0.48
494,Eric Mangini,10,San Francisco 49ers,2015,0.21839080459770116,0,19,87,9,2.111111111111111
496,Jim Bates,8,Tampa Bay Buccaneers,2009,0.1,0,4.4,44,11,0.4
497,Jacob Burney,15,Cincinnati Bengals,2018,0.32592592592592595,0.2,8.8,27,21,0.41904761904761906
501,Steve Crosby,13,Cleveland Browns,1995,0.11666666666666667,0,1.4000000000000001,12,5,0.28
508,Jonathan Gannon,1,Arizona Cardinals,2025,0.05555555555555556,0,4,72,8,0.5
510,Nick Rallis,1,Arizona Cardinals,2025,0.026086956521739132,0,0.6000000000000001,23,5,0.12000000000000002
511,Drew Petzing,1,Arizona Cardinals,2025,0.06666666666666667,0,2,30,9,0.2222222222222222
514,Drew Terrell,4,Arizona Cardinals,2025,0.04166666666666667,0,1,24,6,0.16666666666666666
516,John Teerlinck,15,Indianapolis Colts,2011,0.1,0.1,1,10,5,0.2
519,Larry Peccatiello,7,Detroit Lions,2000,0.1411764705882353,0,4.800000000000001,34,9,0.5333333333333334
520,Dave Shula,16,Cincinnati Bengals,1996,0.18823529411764706,0.19999999999999996,9.6,51,5,1.92
523,Gary Moeller,7,Chicago Bears,2003,0.08750000000000001,0,1.4000000000000001,16,8,0.17500000000000002
524,Greg Landry,7,Detroit Lions,1996,0,0,0,15,6,0
525,Leslie Frazier,1,Buffalo Bills,2022,0.18285714285714286,0,25.6,140,22,1.1636363636363638
526,Alex Wood,3,Arizona Cardinals,2004,0.14545454545454548,0.2,1.6,11,5,0.32
527,Anthony Lynn,12,Washington Commanders,2025,0.12475247524752475,0,12.6,101,16,0.7875
529,Cory Undlin,17,Houston Texans,2025,0.07692307692307693,0,3,39,13,0.23076923076923078
530,Randy Melvin,10,Tampa Bay Buccaneers,2013,0.16363636363636366,0,1.8000000000000003,11,7,0.2571428571428572
531,Mel Tucker,10,Chicago Bears,2014,0.18571428571428572,0,7.800000000000001,42,10,0.78
532,Mike Sullivan,2,Pittsburgh Steelers,2023,0.11071428571428572,0,6.2,56,15,0.41333333333333333
533,Alfredo Roberts,13,Pittsburgh Steelers,2025,0.1090909090909091,0,2.4000000000000004,22,16,0.15000000000000002
535,Rob Chudzinski,4,Indianapolis Colts,2017,0.15945945945945947,0,11.8,74,10,1.1800000000000002
537,Rip Scherer,10,Los Angeles Chargers,2019,0.16000000000000003,0,1.6,10,8,0.2
539,Todd Grantham,9,New Orleans Saints,2024,0.2416666666666667,0.1,5.800000000000001,24,10,0.5800000000000001
541,Andre Patterson,1,New York Giants,2025,0.37333333333333335,0.4,11.200000000000001,30,16,0.7000000000000001
543,Clancy Pendergast,3,San Francisco 49ers,2015,0.15833333333333335,0.1,3.8000000000000003,24,7,0.5428571428571429
545,Mike Zimmer,1,Dallas Cowboys,2024,0.21988950276243094,0.19999999999999996,39.800000000000004,182,19,2.0947368421052635
548,Wade Wilson,6,Dallas Cowboys,2017,0.2571428571428572,0.2,3.6,14,11,0.32727272727272727
549,Dave Campo,8,Dallas Cowboys,2010,0.2714285714285714,0.4,11.4,42,9,1.2666666666666666
558,Gene Stallings,7,Arizona Cardinals,1988,0.232,0.4,5.8,25,3,1.9333333333333333
570,Charlie Waters,7,Denver Broncos,1994,0.12857142857142856,0.1,1.8,14,5,0.36
571,Pete Carmichael,14,New Orleans Saints,2023,0.23142857142857143,0.2,16.2,70,12,1.3499999999999999
572,George Edwards,1,Tampa Bay Buccaneers,2024,0.29375,0.4,18.8,64,19,0.9894736842105264
574,Hudson Houck,3,Dallas Cowboys,2011,0.25,0.3,4,16,11,0.36363636363636365
576,Clarence Shelmon,3,Los Angeles Chargers,2011,0.2272727272727273,0,5,24,10,0.5
578,Nick Saban,13,Miami Dolphins,2006,0.1782608695652174,0,8.2,46,6,1.3666666666666665
580,Todd McNair,9,Tampa Bay Buccaneers,2022,0.1090909090909091,0.2,1.2000000000000002,11,4,0.30000000000000004
581,Butch Davis,8,Cleveland Browns,2003,0.2727272727272727,0.3,12,44,6,2
583,Chuck Pagano,12,Chicago Bears,2020,0.10819672131147541,0,13.200000000000001,122,15,0.8800000000000001
584,Fred Graves,4,Los Angeles Chargers,2015,0.4363636363636364,0.6000000000000001,4.800000000000001,11,9,0.5333333333333334
585,Kennedy Polamalu,1,Seattle Seahawks,2025,0.08750000000000001,0,1.4000000000000001,16,8,0.17500000000000002
589,Tony Sparano,1,Jacksonville Jaguars,2018,0.20294117647058824,0.1,13.8,68,14,0.9857142857142858
591,John Hufnagel,2,New York Giants,2006,0.28,0.2,2.8000000000000003,10,4,0.7000000000000001
593,Billy Davis,14,Houston Texans,2025,0.1476923076923077,0,9.600000000000001,65,23,0.4173913043478262
595,Clarence Brooks,12,Baltimore Ravens,2015,0.35294117647058826,0.2,6,17,16,0.375
596,Bob Slowik,15,Miami Dolphins,2025,0.1277777777777778,0,9.200000000000001,72,20,0.4600000000000001
600,Ted Cottrell,7,Minnesota Vikings,2005,0.10967741935483871,0,3.4000000000000004,31,12,0.2833333333333334
603,Marv Levy,7,Buffalo Bills,1996,0.14912280701754385,0,17,114,13,1.3076923076923077
610,Roy Anderson,12,Philadelphia Eagles,2025,0.1904761904761905,0.2,4,21,12,0.3333333333333333
611,Ted Monachino,12,Atlanta Falcons,2022,0.2,0.2,4.2,21,11,0.38181818181818183
612,Dean Pees,12,Atlanta Falcons,2022,0.26666666666666666,0.4,18.400000000000002,69,16,1.1500000000000001
613,Greg Mattison,12,Baltimore Ravens,2010,0.3,0.30000000000000004,3,10,2,1.5
616,Andy Moeller,12,Cleveland Browns,2015,0.25882352941176473,0.2,4.4,17,8,0.55
617,Wade Harman,12,Denver Broncos,2021,0.3666666666666667,0.2,8.8,24,15,0.5866666666666667
618,Jim Zorn,3,Kansas City Chiefs,2012,0.10222222222222223,0,4.6000000000000005,45,15,0.3066666666666667
619,Cam Cameron,12,Baltimore Ravens,2012,0.195,0,15.600000000000001,80,10,1.56
621,John Harbaugh,12,Baltimore Ravens,2025,0.14383954154727793,0,50.2,349,24,2.091666666666667
627,Klayton Adams,1,Dallas Cowboys,2025,0.09230769230769231,0,1.2000000000000002,13,5,0.24000000000000005
631,Spencer Whipple,14,Jacksonville Jaguars,2025,0.1,0,1,10,4,0.25
637,Jim Ringo,7,Buffalo Bills,1988,0.15555555555555556,0,2.8,18,6,0.4666666666666666
638,Hank Bullough,7,Detroit Lions,1993,0.24210526315789474,0.2,9.2,38,11,0.8363636363636363
639,Kay Stephenson,15,Buffalo Bills,1985,0.15384615384615385,0,4,26,3,1.3333333333333333
642,Jerry Glanville,3,Atlanta Falcons,1993,0.17391304347826086,0,12,69,14,0.8571428571428571
645,Tom Catlin,15,Seattle Seahawks,1991,0.30344827586206896,0.4,8.8,29,12,0.7333333333333334
647,Chick Harris,15,Houston Texans,2013,0.45,0.6000000000000001,10.8,24,17,0.6352941176470589
648,Ray Prochaska,15,Seattle Seahawks,1985,0.2818181818181818,0.4,6.2,22,6,1.0333333333333334
649,Brett Maxie,3,Tampa Bay Buccaneers,2018,0.3307692307692308,0.2,8.600000000000001,26,15,0.5733333333333335
650,Emmitt Thomas,17,Kansas City Chiefs,2018,0.23478260869565218,0.2,10.8,46,20,0.54
651,Chris Beake,11,Los Angeles Rams,2025,0.16923076923076924,0,2.2,13,8,0.275
652,Robert Prince,6,Miami Dolphins,2025,0.2,0.2,5.800000000000001,29,14,0.4142857142857143
653,Clancy Barone,14,New Orleans Saints,2024,0.33333333333333337,0.2,7.000000000000001,21,13,0.5384615384615385
654,Jeff Jagodzinski,5,Green Bay Packers,2006,0.37500000000000006,0.4,6.000000000000001,16,8,0.7500000000000001
655,George Stewart,1,Minnesota Vikings,2016,0.4222222222222223,0.6000000000000001,7.6000000000000005,18,14,0.5428571428571429
656,Mike Johnson,7,San Francisco 49ers,2010,0.25333333333333335,0,3.8000000000000007,15,8,0.4750000000000001
659,Herb Paterra,7,Detroit Lions,1995,0.0761904761904762,0,1.6,21,10,0.16
664,Charlie Bullen,14,New York Giants,2025,0.037500000000000006,0,0.6000000000000001,16,11,0.05454545454545456
666,Cameron Turner,14,Indianapolis Colts,2025,0.08000000000000002,0,0.8,10,5,0.16
667,Vince Tobin,7,Detroit Lions,2001,0.19682539682539682,0,12.4,63,12,1.0333333333333334
669,Forrest Gregg,7,Green Bay Packers,1987,0.28363636363636363,0.4,15.6,55,8,1.95
671,Dave McGinnis,7,Tennessee Titans,2010,0.1507936507936508,0,9.5,63,12,0.7916666666666666
672,Alvin Reynolds,13,Atlanta Falcons,2011,0.4363636363636364,0.2,4.800000000000001,11,11,0.43636363636363645
674,Geep Chryst,7,Denver Broncos,2018,0.13333333333333336,0,3.6000000000000005,27,9,0.4000000000000001
677,Ken Flajole,17,Kansas City Chiefs,2023,0.2142857142857143,0.2,9,42,21,0.42857142857142855
678,Sal Sunseri,14,Las Vegas Raiders,2017,0.21666666666666667,0.2,2.6,12,9,0.2888888888888889
679,Mike Trgovac,6,Las Vegas Raiders,2018,0.14583333333333334,0.2,7.000000000000001,48,24,0.2916666666666667
680,Mike Maser,2,Miami Dolphins,2008,0.36000000000000004,0.2,3.6,10,10,0.36
681,Dave Magazu,14,Chicago Bears,2016,0.5647058823529413,0.6000000000000001,9.600000000000001,17,14,0.6857142857142858
682,Mike McCoy,14,Tennessee Titans,2025,0.181021897810219,0,24.8,137,18,1.3777777777777778
683,Greg Roman,12,Los Angeles Chargers,2025,0.10632911392405064,0,8.4,79,11,0.7636363636363637
684,George Catavolos,9,Buffalo Bills,2012,0.3052631578947369,0.2,5.800000000000001,19,18,0.32222222222222224
687,John Shoop,7,Las Vegas Raiders,2005,0.28181818181818186,0.2,6.2,22,8,0.775
698,Jerry Gray,1,Green Bay Packers,2022,0.25423728813559326,0,15.000000000000002,59,18,0.8333333333333335
699,Steve Jackson,16,Atlanta Falcons,2023,0.08,0,2,25,14,0.14285714285714285
702,Gil Haskell,3,Seattle Seahawks,2008,0.1837837837837838,0,13.6,74,13,1.0461538461538462
703,Eric Studesville,15,Miami Dolphins,2025,0.2923076923076923,0.2,11.4,39,18,0.6333333333333333
704,Tyke Tolbert,14,Tennessee Titans,2025,0.23076923076923078,0,9,39,19,0.47368421052631576
709,Gene Huey,9,Indianapolis Colts,2010,0.16,0.2,1.6,10,9,0.17777777777777778
710,Greg Blache,7,Washington Commanders,2009,0.08,0,3.2,40,16,0.2
713,Jethro Franklin,5,Seattle Seahawks,2019,0.46666666666666673,0.6000000000000001,7.000000000000001,15,11,0.6363636363636365
715,Joe Philbin,6,Las Vegas Raiders,2024,0.1982905982905983,0,23.2,117,19,1.2210526315789474
716,Jim Johnson,17,Philadelphia Eagles,2008,0.2329896907216495,0,22.6,97,18,1.2555555555555555
717,Tom Lovat,3,Seattle Seahawks,2006,0.13846153846153847,0,1.8,13,12,0.15
720,Darrell Bevell,5,Miami Dolphins,2025,0.15066666666666667,0,22.6,150,22,1.0272727272727273
721,Tom Rossley,5,Green Bay Packers,2005,0.21000000000000002,0,8.4,40,7,1.2
722,Mike Sherman,5,Miami Dolphins,2013,0.16140350877192983,0,18.400000000000002,114,11,1.6727272727272728
724,Ben McAdoo,6,Carolina Panthers,2022,0.042622950819672135,0,2.6,61,13,0.2
726,Scott McCurley,6,Pittsburgh Steelers,2025,0.14666666666666667,0.2,2.2,15,10,0.22000000000000003
731,James Campen,6,Carolina Panthers,2023,0.16363636363636366,0,3.6000000000000005,22,15,0.24000000000000005
732,Edgar Bennett,6,Jacksonville Jaguars,2025,0.2372093023255814,0.2,10.200000000000001,43,20,0.51
734,Robert Nunn,2,New York Jets,2018,0.3571428571428572,0.4,5.000000000000001,14,12,0.41666666666666674
735,Mike Murphy,9,Indianapolis Colts,2011,0.18181818181818185,0.1,4,22,13,0.3076923076923077
738,Rusty Tillman,15,Indianapolis Colts,1998,0.11250000000000002,0,1.8000000000000003,16,5,0.36000000000000004
739,Pat Ruel,5,Seattle Seahawks,2020,0.4941176470588236,0.6000000000000001,8.4,17,8,1.05
746,Ron Meyer,3,Indianapolis Colts,1990,0.1310344827586207,0,7.6000000000000005,58,7,1.0857142857142859
748,Frank Kush,7,Indianapolis Colts,1984,0.19999999999999998,0.19999999999999996,5,25,3,1.6666666666666667
755,Mike McCormack,7,Indianapolis Colts,1981,0,0,0,12,2,0
757,Marcus Robertson,14,Las Vegas Raiders,2025,0.13076923076923078,0,3.4000000000000004,26,14,0.24285714285714288
758,Matt Burke,17,Houston Texans,2025,0.08076923076923077,0,4.2,52,15,0.28
762,Shawn Jefferson,14,New York Jets,2025,0.1375,0,2.2,16,13,0.16923076923076924
763,Vance Joseph,14,Denver Broncos,2025,0.12043010752688173,0,11.200000000000001,93,15,0.7466666666666667
764,Steve Heiden,14,New York Jets,2025,0.18333333333333335,0,2.2,12,7,0.31428571428571433
765,Kliff Kingsbury,14,Washington Commanders,2025,0.06813186813186814,0,6.2,91,6,1.0333333333333334
767,Brentson Buckner,9,Jacksonville Jaguars,2023,0.02666666666666667,0,0.4,15,10,0.04
769,Alan Williams,9,Chicago Bears,2022,0.158974358974359,0.2,6.2,39,16,0.3875
771,Chris Foerster,15,San Francisco 49ers,2025,0.21111111111111114,0,11.4,54,23,0.4956521739130435
772,Clyde Christensen,9,Tampa Bay Buccaneers,2022,0.14838709677419357,0,9.200000000000001,62,22,0.4181818181818182
773,Jim Caldwell,9,Detroit Lions,2017,0.1459016393442623,0,17.8,122,13,1.3692307692307693
779,Sean Kugler,14,Arizona Cardinals,2021,0.30400000000000005,0.2,7.6000000000000005,25,13,0.5846153846153846
783,Joel Collier,8,Miami Dolphins,2004,0.14,0.1,2.8000000000000003,20,9,0.3111111111111111
787,Rex Norris,7,Chicago Bears,2002,0.24000000000000002,0.2,2.4000000000000004,10,10,0.24000000000000005
789,Wayne Fontes,7,Detroit Lions,1996,0.0851063829787234,0,8,94,11,0.7272727272727273
792,Bob Baker,7,Detroit Lions,1988,0.11666666666666667,0,1.4,12,3,0.4666666666666666
795,Darryl Rogers,7,Detroit Lions,1988,0.16428571428571428,0.09999999999999998,4.6,28,3,1.5333333333333332
801,Pat McPherson,5,Carolina Panthers,2025,0.35862068965517246,0.2,10.4,29,18,0.5777777777777778
802,Jedd Fisch,11,New England Patriots,2020,0.16666666666666669,0.1,4,24,6,0.6666666666666666
803,Bobby Turner,15,San Francisco 49ers,2024,0.29714285714285715,0.2,10.4,35,25,0.41600000000000004
804,Jeremy Bates,15,New York Jets,2018,0.30000000000000004,0.2,6.6000000000000005,22,8,0.8250000000000001
805,Rick Dennison,15,Seattle Seahawks,2025,0.14949494949494951,0,14.8,99,18,0.8222222222222223
811,Mike Heimerdinger,15,Tennessee Titans,2010,0.23902439024390246,0.2,9.8,41,13,0.7538461538461539
812,Richard Selcer,7,Detroit Lions,2002,0,0,0,10,6,0
814,Jim Eddy,2,Detroit Lions,1996,0.1,0,1.2000000000000002,12,4,0.30000000000000004
817,Brian Pariani,15,Minnesota Vikings,2021,0.32592592592592595,0.2,8.8,27,23,0.3826086956521739
818,Gary Kubiak,15,Minnesota Vikings,2020,0.1423728813559322,0,33.6,236,23,1.4608695652173913
819,Frank Bush,15,Tennessee Titans,2025,0.15813953488372093,0,6.800000000000001,43,25,0.272
822,Paul Pasqualoni,10,Detroit Lions,2019,0.225,0.2,5.4,24,7,0.7714285714285715
823,Kacy Rodgers,9,Detroit Lions,2025,0.09523809523809525,0,6,63,17,0.35294117647058826
824,David Lee,12,Cleveland Browns,2017,0.24000000000000002,0.2,2.4000000000000004,10,8,0.30000000000000004
825,Freddie Kitchens,9,New York Giants,2020,0.11111111111111112,0.09999999999999998,4,36,13,0.3076923076923077
826,George Dyer,15,Detroit Lions,2003,0.042105263157894736,0,0.8,19,11,0.07272727272727274
833,Mike McDaniel,15,Miami Dolphins,2025,0.057657657657657665,0,6.4,111,9,0.7111111111111111
835,Dick Jauron,7,Cleveland Browns,2012,0.12142857142857144,0,17,140,20,0.85
836,Johnny Holland,15,San Francisco 49ers,2025,0.33333333333333337,0.2,8,24,17,0.47058823529411764
838,Larry Brooks,3,Arizona Cardinals,2006,0.2142857142857143,0.2,3.0000000000000004,14,13,0.2307692307692308
839,Pat Morris,1,Buffalo Bills,2014,0.4727272727272728,0.6000000000000001,5.2,11,8,0.65
841,Greg Olson,11,Las Vegas Raiders,2025,0.1528301886792453,0,16.200000000000003,106,21,0.7714285714285716
844,Bob Schnelker,7,Minnesota Vikings,1990,0.09333333333333334,0,2.8000000000000003,30,9,0.3111111111111111
846,Tim Walton,2,Jacksonville Jaguars,2021,0.10526315789473685,0,2.0000000000000004,19,11,0.18181818181818185
847,Kris Kocurek,15,San Francisco 49ers,2025,0.1904761904761905,0.2,4,21,16,0.25
848,Todd Downing,10,New England Patriots,2025,0.12340425531914895,0,5.800000000000001,47,13,0.44615384615384623
858,John Meyer,7,Green Bay Packers,1983,0.13333333333333333,0,1.6,12,4,0.4
861,Bart Starr,7,Green Bay Packers,1983,0.07058823529411765,0,2.4000000000000004,34,4,0.6000000000000001
863,Charlie Baggett,3,Los Angeles Rams,2009,0.18000000000000002,0.2,1.8000000000000003,10,9,0.20000000000000004
867,Scott Linehan,6,Dallas Cowboys,2018,0.10708661417322836,0,13.600000000000001,127,16,0.8500000000000001
870,Jim Schwartz,17,Cleveland Browns,2025,0.11923076923076924,0,18.6,156,20,0.93
871,Glenn Pires,13,Chicago Bears,2018,0.27142857142857146,0.2,3.8000000000000003,14,14,0.27142857142857146
877,Leeman Bennett,3,Tampa Bay Buccaneers,1986,0.22162162162162163,0.19999999999999996,8.2,37,5,1.64
881,Bill Lazor,17,Chicago Bears,2021,0.18536585365853658,0,7.6000000000000005,41,9,0.8444444444444446
887,Larry Marmie,7,Seattle Seahawks,2009,0.02666666666666667,0,0.4,15,6,0.06666666666666667
889,Jim Lind,3,Seattle Seahawks,2007,0.10666666666666667,0,1.6,15,13,0.12307692307692308
891,Al Holcomb,4,Buffalo Bills,2025,0.07407407407407408,0,2,27,8,0.25
894,Byron Leftwich,9,Tampa Bay Buccaneers,2022,0.05714285714285715,0,2,35,6,0.3333333333333333
896,Dave Merritt,17,Kansas City Chiefs,2025,0.17500000000000002,0.2,2.8000000000000003,16,10,0.28
897,Don Johnson,4,Carolina Panthers,2022,0.29090909090909095,0.2,3.2,11,10,0.32
898,Jason Michael,18,Philadelphia Eagles,2025,0.19285714285714287,0,5.4,29,14,0.38571428571428573
899,Steve Wilks,4,San Francisco 49ers,2023,0.10476190476190476,0,6.6000000000000005,63,11,0.6000000000000001
900,Kevin Garver,9,Tampa Bay Buccaneers,2022,0.13846153846153847,0.2,1.8000000000000003,13,5,0.36000000000000004
901,Larry Foote,9,Tampa Bay Buccaneers,2025,0.03333333333333333,0,1,30,10,0.1
902,Ray Brown,4,San Francisco 49ers,2025,0.38333333333333336,0.4,4.6000000000000005,12,8,0.5750000000000001
905,James Bettcher,9,Indianapolis Colts,2025,0.07317073170731708,0,3,41,12,0.25
906,Darryl Drake,9,Arizona Cardinals,2017,0.2666666666666667,0.2,4.800000000000001,18,13,0.3692307692307693
908,Kevin Ross,9,Tampa Bay Buccaneers,2025,0.11578947368421054,0.2,2.2,19,15,0.14666666666666667
910,Nick Rapone,9,Tampa Bay Buccaneers,2025,0.1076923076923077,0.2,1.4000000000000001,13,11,0.1272727272727273
911,Rick Christophel,9,Tampa Bay Buccaneers,2021,0.15000000000000002,0.2,2.4000000000000004,16,8,0.30000000000000004
912,Stump Mitchell,3,Cleveland Browns,2023,0.11320754716981132,0,6.000000000000001,53,22,0.27272727272727276
915,Nolan Cromwell,3,Los Angeles Rams,2011,0.015384615384615385,0,0.2,13,12,0.016666666666666666
920,Steve Moore,15,Los Angeles Rams,1994,0.16923076923076924,0.19999999999999996,2.2,13,4,0.55
921,Teryl Austin,13,Pittsburgh Steelers,2025,0.12666666666666668,0,7.6000000000000005,60,17,0.4470588235294118
926,Gus Bradley,18,Indianapolis Colts,2024,0.17600000000000002,0,26.400000000000002,150,18,1.4666666666666668
931,Dan Quinn,6,Washington Commanders,2025,0.1382198952879581,0,26.400000000000002,191,20,1.32
932,Craig Johnson,2,New York Giants,2019,0.06153846153846155,0,0.8,13,12,0.06666666666666667
933,Mike Munchak,13,Denver Broncos,2021,0.17,0,10.200000000000001,60,19,0.5368421052631579
934,Sherman Smith,5,Seattle Seahawks,2015,0.26666666666666666,0.2,9.600000000000001,36,18,0.5333333333333334
938,Charlie Williams,9,Indianapolis Colts,2015,0.1,0,1.2,12,10,0.12
939,Rod Marinelli,6,Las Vegas Raiders,2021,0.21395348837209305,0,18.400000000000002,86,24,0.7666666666666667
942,Ed Biles,7,Tennessee Titans,1983,0.06428571428571428,0,1.8,28,4,0.45
949,John McKay,14,Tampa Bay Buccaneers,1981,0.08,0,1.2,15,2,0.6
960,Mike Caldwell,9,Tampa Bay Buccaneers,2025,0.09142857142857143,0,3.2,35,16,0.2
965,Joe Barry,11,Miami Dolphins,2025,0.2,0,11.200000000000001,56,23,0.48695652173913045
970,Jack Patera,9,Seattle Seahawks,1982,0.15555555555555556,0,2.8,18,3,0.9333333333333332
977,Greg McMackin,3,San Francisco 49ers,2003,0.08,0,1.6,20,5,0.32
978,Jason Tarver,1,Cleveland Browns,2025,0.1517241379310345,0,4.4,29,9,0.48888888888888893
979,Eric Yarber,11,Los Angeles Rams,2025,0.23529411764705885,0.2,4,17,10,0.4
981,Scottie Montgomery,14,Detroit Lions,2025,0.22000000000000003,0.1,2.2,10,7,0.31428571428571433
982,Dennis Erickson,3,San Francisco 49ers,2003,0.11911764705882354,0,8.1,68,5,1.6199999999999999
984,Rich Olson,3,Minnesota Vikings,2005,0.2235294117647059,0.2,3.8000000000000003,17,9,0.4222222222222223
987,Fritz Shurmur,3,Seattle Seahawks,1999,0.13454545454545455,0,7.4,55,15,0.49333333333333335
989,Deshea Townsend,17,Detroit Lions,2025,0.08717948717948718,0,3.4,39,10,0.33999999999999997
990,Frank Reich,18,Carolina Panthers,2023,0.15419847328244277,0,20.2,131,14,1.4428571428571428
991,John McNulty,2,Los Angeles Chargers,2017,0.18571428571428572,0.2,2.6,14,11,0.23636363636363636
999,Jeff Ulbrich,15,Atlanta Falcons,2025,0.1730769230769231,0,9,52,10,0.9
1002,Jack Burns,7,Washington Commanders,2004,0.225,0,3.6,16,8,0.45
1005,Rennie Simmons,7,Washington Commanders,2006,0.22666666666666668,0,3.4000000000000004,15,12,0.2833333333333334
1007,Curtis Modkins,11,Minnesota Vikings,2025,0.11764705882352942,0,8.000000000000002,68,18,0.44444444444444453
1010,Dennis Thurman,12,Buffalo Bills,2016,0.07333333333333333,0,2.2,30,8,0.275
1013,Rob Ryan,10,Washington Commanders,2019,0.19583333333333333,0,9.4,48,11,0.8545454545454546
1014,Rex Ryan,12,Buffalo Bills,2015,0.19855072463768117,0.09999999999999998,27.400000000000002,138,15,1.8266666666666669
1016,Dick Jamieson,3,Arizona Cardinals,1997,0.2,0,2.4000000000000004,12,5,0.4800000000000001
1017,Ron Milus,18,Jacksonville Jaguars,2025,0.22962962962962966,0.2,6.200000000000001,27,21,0.2952380952380953
1018,Mike Devlin,12,Los Angeles Chargers,2025,0.19230769230769232,0.2,5.000000000000001,26,15,0.33333333333333337
1019,Mike Rutenberg,15,Atlanta Falcons,2025,0.1619047619047619,0,3.4000000000000004,21,9,0.3777777777777778
1022,Kevin Koger,14,Atlanta Falcons,2025,0.03636363636363637,0,0.4,11,5,0.08
1023,Raheem Morris,11,Atlanta Falcons,2025,0.11884057971014493,0,16.400000000000002,138,21,0.7809523809523811
1024,Michael Pitre,11,Atlanta Falcons,2025,0.03636363636363637,0,0.4,11,5,0.08
1025,Zac Robinson,11,Atlanta Falcons,2025,0.12000000000000001,0,3.6,30,7,0.5142857142857143
1026,Nate Ollie,18,Atlanta Falcons,2025,0.12000000000000001,0,1.2000000000000002,10,6,0.20000000000000004
1029,Dwayne Ledford,11,Atlanta Falcons,2025,0.044444444444444446,0,0.8,18,5,0.16
1031,Kirk Olivadotti,6,Seattle Seahawks,2025,0.18823529411764708,0,3.2,17,15,0.21333333333333335
1033,Sean McVay,11,Los Angeles Rams,2025,0.1761658031088083,0,34,193,15,2.2666666666666666
1034,Jon Embree,15,Miami Dolphins,2025,0.21000000000000002,0.2,4.2,20,16,0.2625
1035,Keenan McCardell,11,Minnesota Vikings,2025,0.1411764705882353,0,2.4000000000000004,17,10,0.24000000000000005
1036,Matt LaFleur,6,Green Bay Packers,2025,0.11741935483870969,0,18.2,156,15,1.2133333333333334
1037,Kyle Shanahan,15,San Francisco 49ers,2025,0.2059322033898305,0,48.6,236,20,2.43
1044,Pete Hoener,4,Washington Commanders,2021,0.4190476190476191,0.6000000000000001,8.8,21,13,0.676923076923077
1045,Pat Flaherty,2,Jacksonville Jaguars,2018,0.21250000000000002,0.2,3.4000000000000004,16,16,0.21250000000000002
1046,Norv Turner,4,Carolina Panthers,2019,0.19743589743589743,0,46.2,236,26,1.776923076923077
1052,Steve Spurrier,16,Washington Commanders,2002,0.1076923076923077,0,1.4,13,1,1.4
1054,T. J. Yates,11,Atlanta Falcons,2025,0.04285714285714286,0,0.6000000000000001,14,5,0.12000000000000002
1056,Jimmy Lake,11,Atlanta Falcons,2024,0.14,0,1.4000000000000001,10,5,0.28
1057,Ike Hilliard,13,Atlanta Falcons,2024,0.28571428571428575,0.2,4,14,10,0.4
1058,Jay Rodgers,14,Atlanta Falcons,2024,0.2516129032258065,0.2,7.800000000000001,31,13,0.6000000000000001
1061,Greg Manusky,11,Denver Broncos,2024,0.18904109589041096,0,13.8,73,19,0.7263157894736842
1063,Ryan Nielsen,14,Jacksonville Jaguars,2024,0.04827586206896552,0,1.4000000000000001,29,8,0.17500000000000002
1064,Arthur Smith,11,Pittsburgh Steelers,2025,0.09285714285714286,0,7.800000000000001,84,10,0.78
1065,Justin Peelle,17,Tampa Bay Buccaneers,2025,0.2777777777777778,0.2,5.000000000000001,18,12,0.41666666666666674
1067,Dave Ragone,11,Los Angeles Rams,2025,0.16595744680851066,0,7.800000000000001,47,12,0.65
1073,Stan Hixon,7,Houston Texans,2015,0.3166666666666667,0.4,3.8000000000000007,12,9,0.4222222222222223
1077,Tim Hauck,17,Philadelphia Eagles,2020,0.23333333333333334,0.2,2.8000000000000003,12,7,0.4
1080,Dowell Loggains,14,New York Jets,2020,0.20816326530612247,0,10.200000000000001,49,11,0.9272727272727274
1081,Charles London,4,New York Jets,2025,0.11851851851851854,0,3.2,28,12,0.26666666666666666
1087,Gary Emanuel,9,Atlanta Falcons,2022,0.18333333333333335,0.2,2.2,12,11,0.2
1088,Jon Hoke,4,Chicago Bears,2024,0.28571428571428575,0.2,10.000000000000002,35,19,0.5263157894736843
1098,Steve Loney,3,Dallas Cowboys,2017,0.12941176470588237,0,2.2,17,11,0.2
1099,Robert Ford,8,Arizona Cardinals,2004,0.26,0.2,2.6,10,8,0.325
1106,Aden Durde,6,Seattle Seahawks,2025,0.060000000000000005,0,1.2000000000000002,20,6,0.20000000000000004
1107,Bernie Parmalee,5,Carolina Panthers,2025,0.2736842105263158,0.2,5.2,19,14,0.37142857142857144
1110,Chris Morgan,6,Denver Broncos,2025,0.18620689655172415,0,5.4,29,14,0.38571428571428573
1111,Dirk Koetter,13,Atlanta Falcons,2020,0.08925619834710745,0,10.8,121,13,0.8307692307692308
1114,Joe Whitt Jr.,6,Washington Commanders,2025,0.1285714285714286,0,7.2,56,16,0.45
1116,Tosh Lupoi,5,Jacksonville Jaguars,2021,0.060000000000000005,0,0.6000000000000001,10,3,0.20000000000000004
1119,Jerome Henderson,6,Indianapolis Colts,2025,0.225,0.1,12.600000000000001,56,19,0.6631578947368422
1121,Marquand Manuel,15,New York Giants,2025,0.192,0,4.800000000000001,25,8,0.6000000000000001
1123,Steve Sarkisian,6,Atlanta Falcons,2018,0.07692307692307693,0,1,13,3,0.3333333333333333
1126,Keith Carter,10,Minnesota Vikings,2025,0.11538461538461539,0,3,26,11,0.2727272727272727
1127,Bryan Cox,10,New York Giants,2024,0.3578947368421053,0.2,6.800000000000001,19,13,0.5230769230769231
1128,Rich Scangarello,15,San Francisco 49ers,2021,0.13333333333333336,0,1.6,12,4,0.4
1129,Corey Matthaei,17,Kansas City Chiefs,2025,0.18333333333333335,0.2,2.2,12,10,0.22000000000000003
1133,Sean McDermott,17,Buffalo Bills,2025,0.12277227722772278,0,24.8,202,23,1.0782608695652174
1134,Bill Shuey,17,Jacksonville Jaguars,2024,0.16666666666666669,0.1,2,12,7,0.2857142857142857
1136,Matt Nagy,17,Kansas City Chiefs,2025,0.11111111111111112,0,13,117,10,1.3
1137,James Urban,17,Baltimore Ravens,2022,0.24210526315789477,0.2,4.6000000000000005,19,11,0.4181818181818182
1138,Juan Castillo,17,Washington Commanders,2023,0.1589041095890411,0.2,11.600000000000001,73,25,0.4640000000000001
1139,Tom Melvin,17,Kansas City Chiefs,2025,0.3066666666666667,0.2,9.200000000000001,30,21,0.43809523809523815
1140,Ted Williams,17,Philadelphia Eagles,2014,0.40769230769230774,0.2,10.600000000000001,26,19,0.5578947368421053
1141,Pat Shurmur,17,Denver Broncos,2021,0.11824817518248176,0,16.2,138,23,0.7043478260869565
1142,Andy Reid,17,Kansas City Chiefs,2025,0.1832618025751073,0,85.4,466,30,2.8466666666666667
1144,Doug Pederson,17,Jacksonville Jaguars,2024,0.12065217391304348,0,22.2,184,13,1.7076923076923076
1146,Steve Spagnuolo,17,Kansas City Chiefs,2025,0.10390625,0,13.3,128,23,0.5782608695652174
1147,Brad Childress,17,Cleveland Browns,2012,0.1936,0.19999999999999996,24.2,125,13,1.8615384615384616
1149,Ron Rivera,4,Washington Commanders,2023,0.13280632411067195,0,33.6,253,22,1.5272727272727273
1155,Joe Danna,13,Buffalo Bills,2025,0.11764705882352942,0,2,17,13,0.15384615384615385
1156,Mike Smith,13,New England Patriots,2025,0.09299363057324841,0,14.6,157,20,0.73
1158,Mike Tice,3,Las Vegas Raiders,2017,0.13230769230769232,0,8.600000000000001,65,14,0.6142857142857144
1161,Brian VanGorder,13,New York Jets,2013,0.08181818181818182,0,1.8,22,6,0.3
1164,Zachary Orr,12,Baltimore Ravens,2025,0.028571428571428574,0,0.4,14,4,0.1
1169,George Godsey,10,Baltimore Ravens,2025,0.22222222222222224,0,6.000000000000001,27,10,0.6000000000000001
1170,Greg Lewis,17,Baltimore Ravens,2025,0.18461538461538463,0.2,2.4000000000000004,13,10,0.24000000000000005
1175,Todd Monken,12,Baltimore Ravens,2025,0.03571428571428572,0,2,56,9,0.2222222222222222
1176,Travelle Wharton,4,Baltimore Ravens,2025,0.08750000000000001,0,1.4000000000000001,16,8,0.17500000000000002
1177,Travis Switzer,12,Baltimore Ravens,2025,0,0,0,18,2,0
1181,Chris Hewitt,12,Indianapolis Colts,2025,0.16744186046511628,0,7.2,43,11,0.6545454545454545
1183,Mark DeLeone,17,Kansas City Chiefs,2025,0.15714285714285717,0.2,2.2,14,8,0.275
1184,Anthony Weaver,12,Miami Dolphins,2025,0.0972972972972973,0,3.6000000000000005,37,14,0.2571428571428572
1185,Mike Macdonald,12,Seattle Seahawks,2025,0.07017543859649124,0,4,57,7,0.5714285714285714
1186,Dennard Wilson,2,Tennessee Titans,2025,0.06875,0,2.2,32,9,0.24444444444444446
1187,Joe D'Alessandris,12,Baltimore Ravens,2023,0.5571428571428572,0.6000000000000001,7.800000000000001,14,12,0.65
1191,Rob Leonard,2,Las Vegas Raiders,2025,0.03076923076923077,0,0.4,13,6,0.06666666666666667
1192,Don Martindale,12,New York Giants,2023,0.21200000000000002,0.2,10.6,50,15,0.7066666666666667
1193,Bobby Engram,12,Washington Commanders,2025,0.17500000000000002,0.2,2.8000000000000003,16,7,0.4
1197,Richard Angulo,12,Jacksonville Jaguars,2025,0.18333333333333335,0.2,2.2,12,8,0.275
1198,Andy Bischoff,12,Los Angeles Chargers,2025,0.064,0,1.6,25,7,0.2285714285714286
1199,Jesse Minter,12,Los Angeles Chargers,2025,0.025,0,0.4,16,4,0.1
1200,Joe Cullen,12,Kansas City Chiefs,2025,0.1125,0,3.6,32,16,0.225
1204,Thomas Hammock,12,Baltimore Ravens,2018,0.28,0.2,2.8000000000000003,10,5,0.56
1205,Todd Washington,12,Jacksonville Jaguars,2023,0.21176470588235294,0.2,3.6,17,9,0.4
1209,Andre Curtis,5,Dallas Cowboys,2025,0.19130434782608696,0.2,8.8,46,16,0.55
1210,David Merritt,2,New York Giants,2015,0.6000000000000001,0.6000000000000001,6.000000000000001,10,10,0.6000000000000001
1211,Mike Waufle,2,Buffalo Bills,2017,0.2347826086956522,0,5.4,23,18,0.30000000000000004
1212,Sean Ryan,2,Carolina Panthers,2022,0.23529411764705885,0.2,4,17,13,0.3076923076923077
1214,Jerald Ingram,2,New York Giants,2013,0.16923076923076924,0.2,2.2,13,13,0.16923076923076924
1215,Adam Henry,4,Buffalo Bills,2025,0.09000000000000001,0,1.8,20,12,0.15
1217,Bob Babich,4,Buffalo Bills,2025,0.1787878787878788,0.2,11.8,66,20,0.5900000000000001
1220,Jason Rebrovich,6,Buffalo Bills,2025,0.16363636363636366,0.2,1.8000000000000003,11,9,0.20000000000000004
1221,Joe Brady,4,Buffalo Bills,2025,0.06285714285714286,0,2.2,35,6,0.3666666666666667
1222,Kelly Skipper,4,Buffalo Bills,2025,0.16000000000000003,0,4.800000000000001,30,15,0.32000000000000006
1224,Marc Lubick,4,Buffalo Bills,2023,0.18000000000000002,0,1.8000000000000003,10,6,0.30000000000000004
1227,Rob Boras,4,Buffalo Bills,2025,0.13777777777777778,0,6.2,45,19,0.3263157894736842
1228,Ronald Curry,14,Buffalo Bills,2025,0.12592592592592594,0,3.4000000000000004,27,9,0.3777777777777778
1234,Eric Washington,4,New York Jets,2025,0.10714285714285715,0,3,28,10,0.3
1236,John Butler,4,Buffalo Bills,2023,0.2181818181818182,0.2,4.800000000000001,22,9,0.5333333333333334
1237,Ken Dorsey,4,Cleveland Browns,2024,0.06666666666666667,0,2.4000000000000004,36,6,0.4000000000000001
1241,Bobby Johnson,4,Washington Commanders,2025,0.26,0.2,5.200000000000001,20,14,0.3714285714285715
1243,Brian Daboll,10,New York Giants,2025,0.09694656488549619,0,12.700000000000001,131,14,0.9071428571428573
1245,Shea Tierney,4,New York Giants,2025,0.03333333333333333,0,0.6000000000000001,18,4,0.15000000000000002
1246,Aaron Whitecotton,15,Dallas Cowboys,2025,0.24000000000000002,0.2,3.6000000000000005,15,8,0.45000000000000007
1251,Gill Byrd,4,Buffalo Bills,2017,0.26,0.2,2.6,10,8,0.325
1255,Jason Vrable,6,Green Bay Packers,2024,0.05185185185185186,0,1.4000000000000001,27,6,0.23333333333333336
1259,Pat Meyer,13,Pittsburgh Steelers,2025,0.13333333333333333,0.2,1.6,12,10,0.16
1260,Sanjay Lal,5,Los Angeles Chargers,2025,0.13529411764705884,0,4.6000000000000005,34,14,0.3285714285714286
1262,Tony Sparano Jr.,12,Indianapolis Colts,2025,0.1272727272727273,0,1.4000000000000001,11,8,0.17500000000000002
1264,Karl Dunbar,13,Pittsburgh Steelers,2025,0.27142857142857146,0.2,3.8000000000000003,14,14,0.27142857142857146
1270,Donnie Henderson,12,Buffalo Bills,2014,0.3066666666666667,0.2,4.6000000000000005,15,10,0.4600000000000001
1272,Nathaniel Hackett,6,New York Jets,2024,0.095,0,7.6000000000000005,80,12,0.6333333333333334
1274,Rob Moore,10,Carolina Panthers,2025,0.22222222222222224,0.2,4.000000000000001,18,12,0.3333333333333334
1279,Mike Pettine,12,Minnesota Vikings,2024,0.21411764705882352,0.2,18.2,85,11,1.6545454545454545
1280,Jim O'Neil,12,Las Vegas Raiders,2019,0.2230769230769231,0.2,5.8,26,7,0.8285714285714285
1282,Bob Bicknell,17,New England Patriots,2024,0.4714285714285715,0.6000000000000001,6.6000000000000005,14,13,0.5076923076923078
1283,Dave Wannstedt,8,Buffalo Bills,2012,0.1457142857142857,0,20.400000000000002,140,16,1.2750000000000001
1286,Giff Smith,18,Los Angeles Rams,2025,0.112,0,2.8000000000000003,25,14,0.2
1287,Kevin Patullo,18,Philadelphia Eagles,2025,0.10526315789473685,0,4,38,9,0.4444444444444444
1294,Bill Callahan,12,Tennessee Titans,2024,0.14772727272727273,0,13,88,22,0.5909090909090909
1296,Ejiro Evero,11,Carolina Panthers,2025,0.085,0,3.4000000000000004,40,9,0.3777777777777778
1298,Jonathan Cooley,11,Carolina Panthers,2025,0.021052631578947368,0,0.4,19,4,0.1
1299,Dave Canales,5,Carolina Panthers,2025,0.059375000000000004,0,3.8000000000000003,64,9,0.4222222222222223
1300,Joe Gilbert,9,Carolina Panthers,2025,0.08800000000000001,0,2.2,25,12,0.18333333333333335
1301,Brad Idzik,5,Carolina Panthers,2025,0.08000000000000002,0,1.6,20,6,0.26666666666666666
1305,Peter Hansen,5,Carolina Panthers,2025,0.05454545454545455,0,0.6000000000000001,11,4,0.15000000000000002
1306,Renaldo Hill,14,Carolina Panthers,2025,0.17777777777777778,0.2,4.800000000000001,27,7,0.6857142857142858
1307,Todd Wash,5,Carolina Panthers,2025,0.15000000000000002,0,9,60,17,0.5294117647058824
1314,Nate Carroll,5,Las Vegas Raiders,2025,0.15000000000000002,0,3.0000000000000004,20,8,0.37500000000000006
1315,Tem Lukabu,5,Jacksonville Jaguars,2025,0.05454545454545455,0,0.6000000000000001,11,4,0.15000000000000002
1320,Thomas Brown,11,New England Patriots,2025,0.06315789473684211,0,2.4000000000000004,38,6,0.4000000000000001
1322,Parks Frazier,18,Philadelphia Eagles,2025,0.03333333333333334,0,0.8,24,4,0.2
1324,Mike Siravo,11,Minnesota Vikings,2025,0,0,0,10,4,0
1330,Phil Snow,2,Carolina Panthers,2021,0.08,0,0.8,10,4,0.2
1331,Brian Angelichio,11,Minnesota Vikings,2025,0.08372093023255815,0,3.6,43,11,0.32727272727272727
1333,Jason Simmons,10,Washington Commanders,2025,0.09444444444444444,0,3.4,36,8,0.425
1337,Matt Rhule,2,Carolina Panthers,2021,0.07222222222222223,0,2.6,36,3,0.8666666666666667
1341,Jake Peetz,11,Seattle Seahawks,2025,0.04000000000000001,0,0.8,20,5,0.16
1346,Perry Fewell,2,Carolina Panthers,2019,0.1565217391304348,0,7.200000000000001,46,16,0.45000000000000007
1348,Scott Turner,4,New York Jets,2025,0.08771929824561404,0,5,57,12,0.4166666666666667
1358,Jay Gruden,11,Jacksonville Jaguars,2020,0.12666666666666668,0,15.200000000000001,120,10,1.52
1360,Art Valero,11,Tennessee Titans,2011,0.6000000000000001,0.8,9.600000000000001,16,9,1.0666666666666669
1363,Jon Gruden,11,Las Vegas Raiders,2020,0.21336405529953917,0,46.300000000000004,217,17,2.723529411764706
1365,Earnest Byner,7,Tampa Bay Buccaneers,2013,0.2166666666666667,0,2.6000000000000005,12,7,0.3714285714285715
1368,Al Harris,17,Chicago Bears,2025,0.10476190476190476,0.2,2.2,21,9,0.24444444444444446
1371,Dan Roushar,14,Chicago Bears,2025,0.168,0,4.2,25,10,0.42000000000000004
1372,Ben Johnson,14,Chicago Bears,2025,0.09056603773584906,0,4.800000000000001,53,11,0.43636363636363645
1373,Declan Doyle,14,Chicago Bears,2025,0,0,0,11,3,0
1374,Eric Bieniemy,17,Chicago Bears,2025,0.13214285714285715,0,7.4,56,13,0.5692307692307692
1375,Jeremy Garrett,1,Chicago Bears,2025,0.1,0,1,10,4,0.25
1381,Press Taylor,17,Chicago Bears,2025,0.06086956521739131,0,2.8,46,6,0.4666666666666666
1386,Chad Morton,5,Jacksonville Jaguars,2025,0.18260869565217394,0,4.2,23,8,0.525
1389,Matt Eberflus,6,Dallas Cowboys,2025,0.1277777777777778,0,13.8,108,17,0.8117647058823529
1392,Kerry Joseph,5,New Orleans Saints,2025,0.10000000000000002,0,1.2000000000000002,12,4,0.30000000000000004
1393,Chris Beatty,14,Las Vegas Raiders,2025,0.037500000000000006,0,0.6000000000000001,16,5,0.12000000000000002
1394,Shane Waldron,11,Jacksonville Jaguars,2025,0.2103448275862069,0,12.200000000000001,58,9,1.3555555555555556
1395,Travis Smith,10,Tennessee Titans,2025,0.03333333333333333,0,0.4,12,7,0.05714285714285715
1396,Andrew Janocko,1,Seattle Seahawks,2025,0.07272727272727274,0,0.8,11,7,0.1142857142857143
1401,Luke Getsy,6,Las Vegas Raiders,2024,0.1142857142857143,0,4,35,6,0.6666666666666666
1406,David Walker,9,Chicago Bears,2022,0.15,0.2,1.8,12,7,0.2571428571428572
1410,Sean Desai,17,Philadelphia Eagles,2023,0.08571428571428572,0,1.8,21,4,0.45
1415,John DeFilippo,17,Chicago Bears,2021,0.14634146341463417,0,6.000000000000001,41,10,0.6000000000000001
1417,Mike Furrey,17,Chicago Bears,2021,0.018181818181818184,0,0.2,11,4,0.05
1421,Harry Hiestand,4,Chicago Bears,2019,0.2153846153846154,0.2,2.8000000000000003,13,7,0.4
1423,Mark Helfrich,17,Chicago Bears,2019,0.09411764705882353,0,1.6,17,2,0.8
1425,Brandon Staley,14,New Orleans Saints,2025,0.1368421052631579,0,10.4,76,8,1.3
1426,Ben McDaniels,17,Houston Texans,2025,0.020689655172413793,0,0.6000000000000001,29,4,0.15000000000000002
1427,Ben Wilkerson,15,New York Jets,2024,0.10588235294117648,0,1.8000000000000003,17,10,0.18000000000000002
1428,Jeremiah Washburn,18,Philadelphia Eagles,2025,0.14444444444444446,0.1,2.6,18,11,0.23636363636363636
1429,Zach Azzanni,13,Pittsburgh Steelers,2025,0.25000000000000006,0,3.0000000000000004,12,9,0.33333333333333337
1430,Clint Hurtt,5,Seattle Seahawks,2023,0.2090909090909091,0.2,4.6000000000000005,22,8,0.5750000000000001
1433,Mike Singletary,1,Minnesota Vikings,2011,0.2619047619047619,0.2,11,42,8,1.375
1434,Bo Hardegree,10,Tennessee Titans,2025,0.2181818181818182,0.2,2.4000000000000004,11,7,0.3428571428571429
1435,Adam Gase,14,New York Jets,2020,0.16415094339622643,0,17.400000000000002,106,11,1.581818181818182
1436,Mike Groh,17,New York Giants,2025,0.135,0,5.4,40,13,0.4153846153846154
1438,Reggie Herring,15,Denver Broncos,2021,0.24705882352941178,0.2,4.2,17,12,0.35000000000000003
1439,Skip Peete,11,Tampa Bay Buccaneers,2025,0.24615384615384617,0.2,6.4,26,22,0.29090909090909095
1443,Shane Day,15,Los Angeles Chargers,2025,0.15483870967741936,0,4.800000000000001,31,13,0.3692307692307693
1446,Pep Hamilton,4,Houston Texans,2022,0.15555555555555556,0,5.6000000000000005,36,8,0.7000000000000001
1447,Jim Tomsula,11,Dallas Cowboys,2020,0.17692307692307693,0.2,4.6000000000000005,26,10,0.4600000000000001
1448,Jim Mora Jr,3,Atlanta Falcons,2006,0.16,0,3.2,20,2,1.6
1453,Tim Spencer,4,Tampa Bay Buccaneers,2018,0.24705882352941178,0.2,4.2,17,13,0.3230769230769231
1456,Al Golden,16,Cincinnati Bengals,2025,0.07777777777777778,0,1.4000000000000001,18,7,0.2
1457,Jerry Montgomery,6,Cincinnati Bengals,2025,0.1,0,2,20,10,0.2
1460,Zac Taylor,16,Cincinnati Bengals,2025,0.06569343065693431,0,9,137,12,0.75
1464,Dan Pitcher,16,Cincinnati Bengals,2025,0.044444444444444446,0,0.8,18,5,0.16
1465,Michael Hodges,14,Cincinnati Bengals,2025,0.05454545454545455,0,0.6000000000000001,11,6,0.10000000000000002
1468,Scott Peters,1,New England Patriots,2024,0.07692307692307693,0,1,13,5,0.2
1470,Justin Rascati,11,Cincinnati Bengals,2025,0.011111111111111112,0,0.2,18,4,0.05
1471,Lou Anarumo,16,Indianapolis Colts,2025,0.04285714285714286,0,2.4000000000000004,56,13,0.18461538461538465
1473,Frank Pollack,16,Cincinnati Bengals,2024,0.17083333333333334,0,8.200000000000001,48,18,0.4555555555555556
1475,Brian Callahan,16,Tennessee Titans,2025,0.055696202531645575,0,4.4,79,10,0.44000000000000006
1476,Robert Livingston,16,Cincinnati Bengals,2023,0.0761904761904762,0,1.6,21,8,0.2
1479,Jemal Singleton,18,Philadelphia Eagles,2025,0.18750000000000003,0.2,3.0000000000000004,16,10,0.30000000000000004
1483,Alex Van Pelt,6,New England Patriots,2024,0.1375,0,6.6000000000000005,48,13,0.5076923076923078
1484,Daronte Jones,11,Minnesota Vikings,2025,0.04,0,1.4000000000000001,35,9,0.15555555555555556
1486,Kyle Caskey,16,Detroit Lions,2020,0.29090909090909095,0,3.2,11,7,0.4571428571428572
1492,Rocky Seto,5,Seattle Seahawks,2014,0.2142857142857143,0,6.000000000000001,28,4,1.5000000000000002
1493,Kris Richard,5,Jacksonville Jaguars,2024,0.2042553191489362,0,9.600000000000001,47,13,0.7384615384615386
1494,Ken Norton Jr.,5,Washington Commanders,2025,0.2521739130434783,0.2,11.600000000000001,46,13,0.8923076923076925
1495,Luke Butkus,6,Green Bay Packers,2025,0.17333333333333334,0.2,2.6,15,10,0.26
1496,Adam Zimmer,1,Minnesota Vikings,2021,0.4521739130434783,0.6000000000000001,10.4,23,9,1.1555555555555557
1500,Bill Musgrave,13,Denver Broncos,2018,0.19012345679012346,0,15.4,81,20,0.77
1501,Brandon Lynch,1,Cleveland Browns,2025,0.07692307692307693,0,1,13,6,0.16666666666666666
1504,Duce Staley,17,Cleveland Browns,2024,0.3263157894736842,0.2,6.200000000000001,19,10,0.6200000000000001
1507,Kevin Stefanski,1,Cleveland Browns,2025,0.055223880597014934,0,7.4,134,11,0.6727272727272727
1513,Chad O'Shea,10,Cleveland Browns,2025,0.12244897959183675,0,6,49,10,0.6
1515,Andy Dickerson,11,Las Vegas Raiders,2025,0.1931034482758621,0.2,5.6000000000000005,29,15,0.37333333333333335
1519,Roy Istvan,18,Cleveland Browns,2024,0.24000000000000002,0.2,2.4000000000000004,10,5,0.4800000000000001
1521,Ben Bloom,6,Tennessee Titans,2025,0.045454545454545456,0,1,22,8,0.125
1524,Joe Woods,1,Las Vegas Raiders,2025,0.0903225806451613,0,5.6000000000000005,62,19,0.2947368421052632
1526,Jeff Howard,1,Seattle Seahawks,2025,0.04166666666666667,0,1,24,6,0.16666666666666666
1532,DeWayne Walker,11,Cleveland Browns,2019,0.09333333333333334,0,1.4000000000000001,15,10,0.14
1533,Jeff Blasko,6,New York Jets,2025,0.11666666666666667,0.2,2.8000000000000003,24,7,0.4
1545,Mark Hutson,16,Cleveland Browns,2018,0.15000000000000002,0,2.4000000000000004,16,6,0.4000000000000001
1549,Aaron Glenn,14,New York Jets,2025,0.07301587301587302,0,4.6000000000000005,63,12,0.38333333333333336
1551,Brian Fleury,15,San Francisco 49ers,2025,0.03333333333333333,0,0.6000000000000001,18,6,0.10000000000000002
1554,Jeff Hafley,6,Green Bay Packers,2025,0.14285714285714288,0.2,3.0000000000000004,21,9,0.33333333333333337
1556,Kevin O'Connell,11,Minnesota Vikings,2025,0.06504065040650407,0,8,123,10,0.8
1560,Aubrey Pleasant,11,Los Angeles Rams,2025,0.0903225806451613,0,2.8000000000000003,31,8,0.35000000000000003
1561,Shane Steichen,18,Indianapolis Colts,2025,0.04719101123595506,0,4.2,89,10,0.42000000000000004
1564,Gary Brown,6,Dallas Cowboys,2019,0.25,0.2,4,16,11,0.36363636363636365
1572,Lunda Wells,2,Dallas Cowboys,2024,0.11,0.2,2.2,20,12,0.18333333333333335
1573,Nick Sorensen,5,San Francisco 49ers,2024,0.27272727272727276,0.2,3.0000000000000004,11,5,0.6000000000000001
1581,Jeff Zgonina,4,Dallas Cowboys,2024,0.25,0.2,3.0000000000000004,12,8,0.37500000000000006
1589,Doug Nussmeier,6,New Orleans Saints,2025,0.08,0,2,25,10,0.2
1590,Kellen Moore,6,New Orleans Saints,2025,0.0911764705882353,0,6.2,68,8,0.775
1591,Leon Lett,6,Dallas Cowboys,2022,0.12000000000000001,0.2,1.2000000000000002,10,7,0.17142857142857146
1596,Jason Garrett,6,New York Giants,2021,0.1239766081871345,0,21.2,171,14,1.5142857142857142
1597,Kyle Valero,6,New Orleans Saints,2025,0.14,0,1.4000000000000001,10,7,0.2
1601,Derek Dooley,6,New York Giants,2021,0.15714285714285717,0,2.2,14,8,0.275
1604,Kevin Carberry,11,Tampa Bay Buccaneers,2025,0.15000000000000002,0.1,2.4000000000000004,16,7,0.3428571428571429
1605,Wes Phillips,11,Minnesota Vikings,2025,0.1446808510638298,0,6.800000000000001,47,15,0.45333333333333337
1608,Jim Bob Cooter,18,Indianapolis Colts,2025,0.11612903225806452,0,7.2,62,12,0.6
1610,Ron Turner,4,Tampa Bay Buccaneers,2012,0.18181818181818182,0,10,55,11,0.9090909090909091
1613,Jim Leonhard,14,Denver Broncos,2025,0.018181818181818184,0,0.2,11,2,0.1
1623,Davis Webb,14,Denver Broncos,2025,0,0,0,10,3,0
1624,Zach Strief,14,Denver Broncos,2025,0.04285714285714286,0,0.6000000000000001,14,5,0.12000000000000002
1630,Christian Parker,18,Philadelphia Eagles,2025,0.028571428571428574,0,0.6000000000000001,21,5,0.12000000000000002
1634,Jake Moreland,17,Houston Texans,2025,0.015384615384615385,0,0.2,13,5,0.04
1636,Justin Outten,6,Tennessee Titans,2024,0.08,0,1.2000000000000002,16,6,0.20000000000000004
1637,Klint Kubiak,1,Seattle Seahawks,2025,0.02580645161290323,0,0.8,31,6,0.13333333333333333
1640,Chris Kuper,11,Minnesota Vikings,2025,0.21428571428571433,0,3.0000000000000004,14,9,0.33333333333333337
1645,Chris Strausser,18,Houston Texans,2024,0.14117647058823532,0,2.4000000000000004,17,8,0.30000000000000004
1649,Phil Rauscher,17,Jacksonville Jaguars,2024,0.060000000000000005,0,0.6000000000000001,10,7,0.08571428571428573
1654,Kelvin Sheppard,14,Detroit Lions,2025,0.03529411764705883,0,0.6000000000000001,17,5,0.12000000000000002
1655,Dan Campbell,14,Detroit Lions,2025,0.09531250000000001,0,12.200000000000001,128,14,0.8714285714285716
1660,Hank Fraley,14,Detroit Lions,2025,0.21000000000000002,0.2,4.2,20,10,0.42000000000000004
1665,Shaun Dion Hamilton,14,Detroit Lions,2025,0,0,0,11,3,0
1669,Cameron Davis,14,New York Jets,2025,0,0,0,11,4,0
1670,Tanner Engstrand,14,New York Jets,2025,0.06875,0,2.2,32,4,0.55
1672,Terrell Williams,10,New England Patriots,2025,0.1466666666666667,0,4.4,30,13,0.3384615384615385
1673,Brian Duker,14,Miami Dolphins,2025,0,0,0,18,4,0
1685,Matt Patricia,10,New England Patriots,2022,0.23421052631578948,0.2,17.8,76,12,1.4833333333333334
1691,Bill Sheridan,10,Detroit Lions,2017,0.168,0.2,4.2,25,8,0.525
1697,Dick MacPherson,7,New England Patriots,1992,0.044444444444444446,0,0.8,18,2,0.4
1701,Patrick Graham,10,Las Vegas Raiders,2025,0.1510204081632653,0,7.4,49,12,0.6166666666666667
1702,Josh Boyer,10,Miami Dolphins,2022,0.16923076923076924,0,4.4,26,6,0.7333333333333334
1703,Bill O'Brien,10,New England Patriots,2023,0.14453781512605043,0,17.2,119,10,1.72
1704,Ben Sirmans,6,Green Bay Packers,2025,0.1375,0,2.2,16,11,0.2
1709,Josh McDaniels,10,New England Patriots,2025,0.15211267605633802,0,21.6,142,19,1.1368421052631579
1710,DeMarcus Covington,10,Green Bay Packers,2025,0.05454545454545455,0,0.6000000000000001,11,3,0.20000000000000004
1714,Adam Stenavich,6,Green Bay Packers,2025,0.07272727272727274,0,3.2,44,9,0.35555555555555557
1715,Derrick Ansley,14,Green Bay Packers,2025,0.09473684210526316,0,1.8000000000000003,19,5,0.36000000000000004
1722,Anthony Campanile,15,Jacksonville Jaguars,2025,0.047058823529411764,0,0.8,17,4,0.2
1737,DeMeco Ryans,15,Houston Texans,2025,0.04533333333333334,0,3.4000000000000004,75,7,0.48571428571428577
1738,Danny Barrett,17,Houston Texans,2025,0.12380952380952383,0,2.6,21,10,0.26
1739,Nick Caley,10,Houston Texans,2025,0.07,0,1.4000000000000001,20,6,0.23333333333333336
1741,Cole Popovich,10,Houston Texans,2025,0.03636363636363637,0,0.4,11,3,0.13333333333333333
1742,Jerrod Johnson,17,Houston Texans,2025,0.02,0,0.2,10,4,0.05
1748,Zach Yenser,15,Houston Texans,2025,0.09090909090909093,0,1,11,5,0.2
1757,Bobby King,10,Philadelphia Eagles,2025,0.18181818181818185,0.2,4,22,12,0.3333333333333333
1758,Tim Kelly,10,New York Giants,2025,0.08260869565217392,0,3.8000000000000003,47,9,0.4222222222222223
1760,John Perry,10,Houston Texans,2020,0.26153846153846155,0.2,3.4000000000000004,13,7,0.48571428571428577
1763,Anthony Midget,10,Pittsburgh Steelers,2025,0.21666666666666667,0.2,2.6,12,8,0.325
1766,Andre Johnson,10,Houston Texans,2019,0.058823529411764705,0,1,17,1,1
1769,Mike Vrabel,10,New England Patriots,2025,0.10708661417322836,0,13.600000000000001,129,11,1.2363636363636366
1772,Shane Bowen,10,New York Giants,2024,0.11250000000000002,0,3.6000000000000005,32,7,0.5142857142857143
1776,John Benton,15,Seattle Seahawks,2025,0.15609756097560976,0,6.4,41,19,0.3368421052631579
1777,Karl Dorrell,15,New York Jets,2018,0.24285714285714288,0.2,3.4000000000000004,14,13,0.26153846153846155
1790,Alex Tanney,18,Indianapolis Colts,2025,0.037500000000000006,0,0.6000000000000001,16,3,0.20000000000000004
1799,Jeff Saturday,18,Indianapolis Colts,2022,0.044444444444444446,0,0.8,18,1,0.8
1807,Brian Billick,12,Baltimore Ravens,2005,0.2539130434782609,0.19999999999999996,29.2,115,12,2.433333333333333
1808,Marcus Brady,18,Los Angeles Chargers,2025,0.060000000000000005,0,1.8000000000000003,30,6,0.30000000000000004
1810,Nick Sirianni,18,Philadelphia Eagles,2025,0.10615384615384615,0,13.8,130,13,1.0615384615384615
1813,Dave DeGuglielmo,10,New York Giants,2020,0.2153846153846154,0.2,2.8000000000000003,13,10,0.28
1815,Brendan Daly,17,Kansas City Chiefs,2025,0.07500000000000001,0,3.6,48,14,0.2571428571428572
1818,Jimmie Johnson,1,New York Jets,2018,0.4333333333333334,0.6000000000000001,5.200000000000001,12,9,0.577777777777778
1829,Jim Herrmann,2,Indianapolis Colts,2017,0.45333333333333337,0.6000000000000001,6.800000000000001,15,12,0.5666666666666668
1842,Liam Coen,11,Jacksonville Jaguars,2025,0.0878048780487805,0,3.6,41,6,0.6
1843,Grant Udinski,11,Jacksonville Jaguars,2025,0,0,0,17,3,0
1846,Shaun Sarrett,13,Jacksonville Jaguars,2025,0.02,0,0.2,10,5,0.04
1856,Nick Holz,10,Tennessee Titans,2025,0.05,0,1.4000000000000001,28,5,0.28
1861,Urban Meyer,5,Jacksonville Jaguars,2021,0.03809523809523809,0,0.8,21,1,0.8
1877,Brian Flores,10,Minnesota Vikings,2025,0.08055555555555556,0,5.800000000000001,72,7,0.8285714285714286
1881,Tony Wise,8,New York Jets,2007,0.36000000000000004,0.2,3.6,10,8,0.45
1887,Ron Middleton,15,New York Jets,2024,0.06153846153846154,0,0.8,13,8,0.1
1890,Dan Shamash,18,Los Angeles Rams,2025,0.1,0,2.2,22,3,0.7333333333333334
1891,Daniel Bullocks,15,San Francisco 49ers,2023,0.3454545454545455,0.2,3.8000000000000007,11,7,0.5428571428571429
1892,Robert Saleh,15,San Francisco 49ers,2025,0.12000000000000001,0,12.600000000000001,105,14,0.9000000000000001
1894,Tony Sorrentino,11,Minnesota Vikings,2025,0.02,0,0.2,10,5,0.04
1904,Andy Heck,17,Kansas City Chiefs,2025,0.18823529411764708,0.2,3.2,17,14,0.2285714285714286
1918,Joe Bleymaier,17,Kansas City Chiefs,2025,0.03870967741935484,0,1.2000000000000002,31,7,0.17142857142857146
1925,Mike Kafka,17,New York Giants,2025,0.06896551724137931,0,4,58,8,0.5
1938,Eugene Chung,17,Philadelphia Eagles,2018,0.5230769230769231,0.6000000000000001,6.800000000000001,13,6,1.1333333333333335
1946,Ryan Paganetti,17,Las Vegas Raiders,2025,0.03636363636363637,0,0.8,22,3,0.26666666666666666
1947,John Glenn,5,Las Vegas Raiders,2025,0.25,0.2,4,16,8,0.5
1950,Brennan Carroll,5,Las Vegas Raiders,2025,0.06153846153846154,0,0.8,13,5,0.16
1955,Antonio Pierce,10,Las Vegas Raiders,2024,0.04,0,1,25,3,0.3333333333333333
1958,Cameron Clemmons,10,San Francisco 49ers,2025,0.13333333333333333,0.2,2,15,5,0.4
1959,Carmen Bricillo,10,New York Giants,2025,0.1090909090909091,0.2,1.2000000000000002,11,5,0.24000000000000005
1962,Mick Lombardi,10,San Francisco 49ers,2025,0.08333333333333334,0,2,24,6,0.3333333333333333
1964,Tom Cable,5,Las Vegas Raiders,2021,0.2888888888888889,0.2,10.4,36,13,0.8
1978,Jim Harbaugh,12,Los Angeles Chargers,2025,0.11515151515151516,0,11.4,99,6,1.9000000000000001
1991,Brendan Nugent,14,New Orleans Saints,2025,0.0888888888888889,0,1.6,18,9,0.17777777777777778
1992,Tom Donatell,5,Washington Commanders,2025,0.07692307692307693,0,1,13,5,0.2
2002,Chris Harris,4,New York Jets,2025,0.12000000000000001,0,2.4000000000000004,20,9,0.2666666666666667
2003,Eric Henderson,11,Los Angeles Rams,2023,0.15555555555555556,0,2.8000000000000003,18,7,0.4
2004,Chris Shula,11,Los Angeles Rams,2025,0.08,0,1.6,20,7,0.2285714285714286
2010,Mike LaFleur,15,Los Angeles Rams,2025,0.0679245283018868,0,3.6000000000000005,53,7,0.5142857142857143
2016,David Gibbs,15,Houston Texans,2010,0.16,0.2,1.6,10,8,0.2
2048,Josh Grizzard,15,Tampa Bay Buccaneers,2025,0.04,0,0.6000000000000001,15,2,0.30000000000000004
2066,Bobby Petrino,2,Atlanta Falcons,2007,0.11818181818181818,0,2.6,22,4,0.65
2067,Lane Kiffin,2,Las Vegas Raiders,2007,0.1277777777777778,0,2.3000000000000003,18,1,2.3000000000000003
2090,Karl Scott,5,Seattle Seahawks,2025,0.04800000000000001,0,1.2000000000000002,25,5,0.24000000000000005
2097,Robert Rodriguez,1,Minnesota Vikings,2019,0.66,0.6000000000000001,6.6000000000000005,10,5,1.32
2103,Hugh Campbell,3,Tennessee Titans,1985,0.1176470588235294,0,1.9999999999999998,17,2,0.9999999999999999
2127,Jon Robinson,3,Los Angeles Rams,1991,0.17058823529411765,0,11.6,68,7,1.657142857142857
2146,Tony Dews,10,New England Patriots,2025,0.08,0,0.8,10,8,0.1
2149,Jerod Mayo,10,New England Patriots,2024,0.028571428571428574,0,0.6000000000000001,21,2,0.30000000000000004
2157,Berj Najarian,10,New England Patriots,2023,0.1919191919191919,0.19999999999999996,19,99,7,2.7142857142857144
2169,Joe Judge,10,New York Giants,2021,0.045000000000000005,0,1.8,40,2,0.9
2173,Greg Schiano,10,New England Patriots,2019,0.11904761904761905,0,5,42,3,1.6666666666666667
2175,Bret Bielema,10,New England Patriots,2018,0.23333333333333334,0.19999999999999998,2.8,12,1,2.8
2181,Joel Thomas,14,New Orleans Saints,2025,0.14,0.1,2.8000000000000003,20,11,0.2545454545454546
2184,T. J. Paganetti,17,New Orleans Saints,2025,0.011764705882352941,0,0.2,17,2,0.1
2240,Aaron Moorehead,18,Philadelphia Eagles,2025,0.20000000000000004,0,2.2,11,6,0.3666666666666667
2246,Jeff Stoutland,17,Philadelphia Eagles,2025,0.14242424242424245,0,9.4,66,13,0.7230769230769231
2251,Brian Johnson,18,Washington Commanders,2025,0.08461538461538462,0,2.2,26,5,0.44000000000000006
2253,Tracy Rocker,18,Tennessee Titans,2025,0.25333333333333335,0.2,3.8000000000000003,15,8,0.47500000000000003
2261,Chip Kelly,17,San Francisco 49ers,2016,0.09589041095890412,0,7,73,4,1.75
2274,Matt Canada,13,Pittsburgh Steelers,2023,0.017391304347826087,0,0.4,23,3,0.13333333333333333
2287,Klay Kubiak,15,San Francisco 49ers,2025,0,0,0,11,3,0
2348,Randy Jordan,4,Tennessee Titans,2025,0.15000000000000002,0,2.4000000000000004,16,11,0.21818181818181823
2381,Gary Crowton,7,Chicago Bears,2000,0.16666666666666669,0,2,12,2,1
2388,Barry Switzer,8,Dallas Cowboys,1995,0.19999999999999998,0.09999999999999998,2,10,1,2
